qseqid,frequency
"Meles meles genome assembly, chromosome: 13",5274
"Homo sapiens haplogroup H3v+16093 mitochondrion, complete genome",589
"Ralstonia wenshanensis strain 56D2 chromosome, complete genome",40
"PREDICTED: Macaca fascicularis 28S ribosomal RNA (LOC123571591), rRNA",220
"Melinaea marsaeus rileyi genome assembly, chromosome: 12",1
"Acidovorax ebreus strain TPSY 23S ribosomal RNA gene, complete sequence",1
"Meles meles genome assembly, chromosome: 16",160
"PREDICTED: Orycteropus afer afer 5S ribosomal RNA (LOC122150243), rRNA",6
"Aquabacterium sp. strain BAKTSBA100-J 16S ribosomal RNA gene, partial sequence",1
"Deefgea tanakiae strain D25 chromosome, complete genome",7
"Uncultured bacterium clone T(35N)40 16S ribosomal RNA gene, partial sequence",8
"Acinetobacter vivianii strain KJ-1 chromosome, complete genome",2
"Chain L5, 28S ribosomal RNA",9
"Comamonadaceae bacterium M7527 chromosome, complete genome",65
"Meles meles genome assembly, chromosome: 20",187
"Coniochaeta fodinicola strain YoF 26S ribosomal RNA gene, partial sequence",2
"Mus musculus chromosome 3, clone RP23-215I1, complete sequence",11
Homo sapiens isolate CHM13 chromosome 15,27
"Uncultured bacterium clone PS6AB23 16S ribosomal RNA gene, partial sequence",1
"Homo sapiens chromosome unknown clone VMRC59-206J16, complete sequence",3
"Acidovorax radicis strain 79 chromosome, complete genome",116
Human T-cell lymphotropic virus type 1 defective proviral sequence,4
"PREDICTED: Macadamia integrifolia 18S ribosomal RNA (LOC122058499), rRNA",1
"Homo sapiens phosphodiesterase 4D interacting protein (PDE4DIP), RefSeqGene on chromosome 1",4
"Chromobacterium haemolyticum strain WI5 chromosome, complete genome",2
"Uncultured eukaryote clone F5K2Q4C04H87NK 28S ribosomal RNA gene, partial sequence",1
"Uncultured bacterium clone 156 16S ribosomal RNA gene, partial sequence",2
"Uncultured bacterium clone ncm76b03c1 16S ribosomal RNA gene, partial sequence",1
"Homo sapiens RNA component of 7SK nuclear ribonucleoprotein (RN7SK), small nuclear RNA",24
"Ferribacterium limneticum strain 76 chromosome, complete genome",5
"Parastagonospora nodorum SN15 chromosome 5, complete sequence",1
"Homo sapiens MAP7 domain containing 1 (MAP7D1), transcript variant 4, mRNA",1
Corynebacterium tuberculostearicum strain FDAARGOS_1198 chromosome,3
"Mus musculus nuclear encoded rRNA 5S 136 (n-R5s136), ribosomal RNA",2
"Adeno-associated virus 5 DNA binding trs helicase (Rep22) and capsid protein (VP1) genes, complete cds",57
"Homo sapiens polycystin 1, transient receptor potential channel interacting pseudogene 1 (PKD1P1), transcript variant 2, non-coding RNA",1
"Miltoncostaea marina strain SCSIO 60955 chromosome, complete genome",1
"Ciceribacter selenitireducens strain ET10 16S ribosomal RNA gene, partial sequence",1
"Citrobacter freundii RTE-E5 DNA, complete genome: sequence1",14
"Pseudomonas aeruginosa strain JNQH-PA033 chromosome, complete genome",6
"Uncultured bacterium clone F5K2Q4C04IU5YY 23S ribosomal RNA gene, partial sequence",1
"Acinetobacter soli strain ZA.SA.7.6 16S ribosomal RNA gene, partial sequence",3
"Cervus elaphus genome assembly, chromosome: 32",2
Homo sapiens isolate CHM13 chromosome 22,166
Curvibacter putative symbiont of Hydra magnipapillata genomic scaffold HmaUn_WGA71069_1,10
"Homo sapiens chromosome 5 clone RP11-489I4, complete sequence",1
"Devosia salina strain SCS-3 chromosome, complete genome",4
Homo sapiens isolate CHM13 chromosome 17,42
"Uncultured bacterium clone F5K2Q4C04JZOSG 23S ribosomal RNA gene, partial sequence",1
"Lactobacillus delbrueckii subsp. lactis strain CIDCA 133 chromosome, complete genome",1
"Uncultured bacterium clone nbw643h03c1 16S ribosomal RNA gene, partial sequence",1
"Sarea resinae AH1164 gene for 18S ribosomal RNA, partial sequence",2
"Uncultured chrysophyte gene for 18S ribosomal RNA, partial sequence, clone: Cn-St.2-53",2
"Ochromonas danica strain SAG 933.7 28S ribosomal RNA gene, partial sequence",1
"Sideroxydans lithotrophicus strain ES-1 23S ribosomal RNA gene, complete sequence",1
"Anoxybacillus flavithermus strain WK1 23S ribosomal RNA gene, complete sequence",2
"Uncultured bacterium clone b32 16S ribosomal RNA gene, partial sequence",5
Chimpanzee 28S ribosomal RNA gene fragment,3
"Human DNA sequence from clone RP11-391H12 on chromosome 13, complete sequence",1
Homo sapiens isolate CHM13 chromosome 18,8
"PREDICTED: Neovison vison 5S ribosomal RNA (LOC122901265), rRNA",16
"Homo sapiens RNA, 5S ribosomal pseudogene 202 (RNA5SP202) on chromosome 6",3
"Novosphingobium kaempferiae strain Sx8-5 chromosome, complete genome",3
"Uncultured beta proteobacterium partial 16S rRNA gene, clone Elb263",1
"Simplicispira sp. strain NBSH78 16S ribosomal RNA gene, partial sequence",17
"PREDICTED: Equus asinus 28S ribosomal RNA (LOC123281922), rRNA",5
"Uncultured bacterium clone PET_Site1_LRC_1 16S ribosomal RNA gene, partial sequence; 16S-23S ribosomal RNA intergenic spacer, complete sequence; and 23S ribosomal RNA gene, partial sequence",21
"Fungal sp. JH 37 genomic DNA containing 18S rRNA gene, ITS1, 5.8S rRNA gene, ITS2 and 28S rRNA gene, strain JH 37",4
"Ideonella dechloratans strain CCUG 30977 chromosome, complete genome",36
"PREDICTED: Xenopus laevis 28S ribosomal RNA (LOC121401725), rRNA",2
"Bos taurus genome assembly, chromosome: 23",30
"PREDICTED: Macaca fascicularis histone-binding protein RBBP4-like (LOC102126427), misc_RNA",1
"Janthinobacterium agaricidamnosum NBRC 102515 = DSM 9628, complete genome",4
"Cervus elaphus genome assembly, chromosome: 10",43
"Alternaria alternata isolate HLG661 large subunit ribosomal RNA gene, partial sequence",2
"Chain 5, 28S ribosomal RNA",6
"Paraburkholderia fungorum strain PT315 16S ribosomal RNA gene, partial sequence",8
Homo sapiens clone LA13_165F6 sequence,7
"Uncultured bacterium clone F5K2Q4C04IOHSR 23S ribosomal RNA gene, partial sequence",1
"PREDICTED: Cyprinus carpio 5S ribosomal RNA (LOC122139203), rRNA",2
"Hydrogenophaga taeniospiralis strain LT2 chromosome, complete genome",7
"Acidovorax sp. KKS102, complete genome",19
"Ascomycota sp. genotype 956 JMUR-2014 isolate ML0146 small subunit ribosomal RNA gene, partial sequence; internal transcribed spacer 1, 5.8S ribosomal RNA gene, and internal transcribed spacer 2, complete sequence; and large subunit ribosomal RNA gene, partial sequence",1
"Uncultured bacterium clone ncd1988c12c1 16S ribosomal RNA gene, partial sequence",1
Streptococcus anginosus strain 47S1 chromosome,1
"Angustimassarina sp. strain NI286 small subunit ribosomal RNA gene, partial sequence",4
"Burkholderia seminalis strain 869T2 chromosome 1, complete sequence",1
"Uncultured bacterium clone F5K2Q4C04IPBHH 23S ribosomal RNA gene, partial sequence",2
"Delftia acidovorans strain FDAARGOS_997 chromosome, complete genome",3
"PREDICTED: Dipodomys spectabilis 28S ribosomal RNA (LOC122101152), rRNA",4
Euglena gracilis chloroplast complete genome,1
"Moraxella osloensis strain FDAARGOS_870 chromosome, complete genome",1
"Homo sapiens BAC clone CH17-460H16 from chromosome 7, complete sequence",1
"PREDICTED: Myotis myotis uncharacterized LOC118656672 (LOC118656672), ncRNA",2
"Homo sapiens FOSMID clone ABC11-48241000M2 from chromosome unknown, complete sequence",7
"Alicycliphilus denitrificans strain BC 23S ribosomal RNA gene, complete sequence",4
"Bos taurus genome assembly, chromosome: 27",13
"Aplidium turbinatum genome assembly, chromosome: 9",11
"PREDICTED: Pygocentrus nattereri 28S ribosomal RNA (LOC119263029), rRNA",1
"PREDICTED: Peromyscus maniculatus bairdii 5S ribosomal RNA (LOC121828378), rRNA",7
"Cladosporium sp. HT-Z1-V 18S ribosomal RNA gene, partial sequence; internal transcribed spacer 1, 5.8S ribosomal RNA gene, and internal transcribed spacer 2, complete sequence; and 28S ribosomal RNA gene, partial sequence",1
"Ferribacterium limneticum strain 132 chromosome, complete genome",7
"Variovorax guangxiensis strain LG-Z3 16S ribosomal RNA gene, partial sequence",21
"Homo sapiens mitochondrial tRNA-Gln, complete sequence",2
"PREDICTED: Triticum aestivum 28S ribosomal RNA (LOC123109433), rRNA",1
"Niveibacterium microcysteis strain HC41 chromosome, complete genome",12
"Bos taurus genome assembly, chromosome: 26",9
"Gallus gallus 5S ribosomal RNA (RN5S), ribosomal RNA",6
"Secondary endosymbiont of Bactericera cockerelli 16S ribosomal RNA gene, partial sequence; intergenic spacer, complete sequence; and 23S ribosomal RNA gene, partial sequence",1
"Pseudochaetosphaeronema larense strain CBS 639.94 18S ribosomal RNA gene, partial sequence",2
"Spumella oblata strain Sanggul120118B3 large subunit ribosomal RNA gene, partial sequence",3
"Homo sapiens BAC clone CTD-2006P5 from 4, complete sequence",1
"Cryptomonas paramecium 28S ribosomal RNA gene, partial sequence",1
"Uncultured bacterium clone PS_Site3_LRC-2 16S ribosomal RNA gene, partial sequence; 16S-23S ribosomal RNA intergenic spacer, complete sequence; and 23S ribosomal RNA gene, partial sequence",28
"MAG: Burkholderiaceae bacterium isolate SSC6 chromosome, complete genome",4
"Uncultured bacterium clone nbw713c03c1 16S ribosomal RNA gene, partial sequence",1
"Euglena archaeoplastidiata strain MI 67 28S large subunit ribosomal RNA gene, partial sequence",2
"Homo sapiens POM121 membrane glycoprotein (rat) pseudogene (LOC441081), non-coding RNA",1
"Aromatoleum petrolei strain ToN1 chromosome, complete genome",9
"Homo sapiens FOSMID clone ABC27-1699K9 from chromosome 17, complete sequence",21
"Hydrogenophaga sp. strain SWA CA P1.8 16S ribosomal RNA gene, partial sequence",4
Homo sapiens isolate CHM13 chromosome 16,28
P.peniophorae 5S rRNA,1
"PREDICTED: Jaculus jaculus U2 spliceosomal RNA (LOC123456312), ncRNA",1
"Variovorax sp. strain 196_Variovo 16S ribosomal RNA gene, partial sequence",9
"Paenibacillus kribbensis strain PS04 chromosome, complete genome",1
"Actinobacteria bacterium IMCC25003 chromosome, complete genome",1
"Canis lupus genome assembly, chromosome: 7",1
"Acidovorax temperans strain S_WO.SB14.074 16S ribosomal RNA gene, partial sequence",34
"Uncultured eukaryote clone F5K2Q4C04IFY0R 28S ribosomal RNA gene, partial sequence",1
"Paracidovorax citrulli strain HPP21-3-3B chromosome, complete genome",59
"Homo sapiens BAC clone RP11-731B4 from 7, complete sequence",2
"PREDICTED: Myotis myotis uncharacterized LOC118677671 (LOC118677671), ncRNA",1
"Pirellula staleyi strain DSM 6068 23S ribosomal RNA gene, complete sequence",1
"Polaromonas sp. JS666 strain JS666 23S ribosomal RNA, complete sequence",2
"Strombomonas verrucosa strain S5C 16S ribosomal RNA gene, partial sequence; chloroplast",3
"Uncultured Punctelia clone USN3 18S ribosomal RNA gene, partial sequence",3
"Azoarcus sp. BH72 strain BH72 23S ribosomal RNA, complete sequence",4
Acidovorax sp. JMULE5 chromosome,6
"Mus musculus 5S RNA, pseudogene 1 (Rn5s-ps1) on chromosome 8",7
Homo sapiens isolate CHM13 chromosome 21,18
"Homo sapiens BAC clone CH17-118N2 from chromosome 1, complete sequence",4
"PREDICTED: Puma yagouaroundi 5S ribosomal RNA (LOC121024075), rRNA",6
"Rhodoferax sp. PAMC 29310 strain PAMC29310 chromosome, complete genome",4
"Uncultured bacterium clone ZZ408_16 16S ribosomal RNA gene, partial sequence; 16S-23S ribosomal RNA intergenic spacer, complete sequence; and 23S ribosomal RNA gene, partial sequence",1
"Starkeya sp. SL25 16S ribosomal RNA gene, partial sequence; 16S-23S ribosomal RNA intergenic spacer, complete sequence; and 23S ribosomal RNA gene, partial sequence",2
"Homo sapiens POM121 transmembrane nucleoporin like 6, pseudogene (POM121L6P) on chromosome 6",1
Homo sapiens clone LA14_101B3 sequence,1
"Oomorphoides sp. JGZ-2021-2 partial 28S rRNA gene, specimen voucher JGZC-4552",5
"PREDICTED: Pteropus giganteus 5S ribosomal RNA (LOC120616422), rRNA",1
"Xanthomonas oryzae pv. oryzae strain GXO2016 chromosome, complete genome",1
"Chain L1, 18S rRNA",1
"Chromobacterium violaceum ATCC 12472, complete genome",1
"Glonium circumserpens strain EB 0331 18S small subunit ribosomal RNA gene, partial sequence",1
"Uncultured bacterium clone nck244g01c1 16S ribosomal RNA gene, partial sequence",1
"Septogloeum sojae strain MF KP-2.5 large subunit ribosomal RNA gene, partial sequence",2
"Caldimonas thermodepolymerans strain DSM 15344 chromosome, complete genome",3
"PREDICTED: Pteropus giganteus 5S ribosomal RNA (LOC120615501), rRNA",2
"Cloacibacterium caeni isolate Isolate2 genome assembly, chromosome: 1",3
"PREDICTED: Macaca fascicularis centrosomal protein 170 (CEP170), transcript variant X13, mRNA",1
"Delftia acidovorans strain FDAARGOS_891 chromosome, complete genome",1
"Comamonas sp. strain ASH2 16S ribosomal RNA gene, partial sequence",3
"Microvirgula sp. strain ST5M 16S ribosomal RNA gene, partial sequence",2
"Uncultured bacterium clone F5K2Q4C04H3IPI 23S ribosomal RNA gene, partial sequence",1
"PREDICTED: Tachyglossus aculeatus 5S ribosomal RNA (LOC119924778), rRNA",1
"Rivularia sp. PCC 7116 strain PCC 7116 23S ribosomal RNA, complete sequence",1
"Megacyclops viridis voucher USNM:1139171 18S ribosomal RNA gene, partial sequence",1
"Acinetobacter pseudolwoffii strain XMC5X702 chromosome, complete genome",2
"Aureimonas altamirensis strain C2P003 chromosome, complete genome",6
"Homo sapiens BAC clone RP11-1286E23 from 4, complete sequence",1
"PREDICTED: Bufo bufo 5S ribosomal RNA (LOC120984390), rRNA",1
"Uncultured bacterium clone MID5_rep_c3833 23S ribosomal RNA gene, partial sequence",2
"PREDICTED: Mustela putorius furo uncharacterized LOC101672604 (LOC101672604), transcript variant X2, ncRNA",2
"Rhodoferax sp. MIZ03 DNA, complete genome",3
"Myriangium sp. UFMG-BRO197 26S ribosomal RNA gene, partial sequence",7
"Aplidium conicum strain MH-JMC5 18S ribosomal RNA gene, partial sequence",1
"Caulobacter vibrioides strain CB S2B lysogen chromosome, complete genome",1
"Nuchequula nuchalis isolate A 28S ribosomal RNA gene, partial sequence",4
"Homo sapiens isolate L388 mitochondrion, complete genome",1
"Homo sapiens ADP ribosylation factor like GTPase 4A (ARL4A), transcript variant 2, mRNA",1
"Homo sapiens long intergenic non-protein coding RNA 824 (LINC00824), transcript variant 2, long non-coding RNA",1
"PREDICTED: Macaca fascicularis small nucleolar RNA SNORD116 (LOC123574915), ncRNA",1
"Uncultured bacterium clone F5K2Q4C04JCKKW 23S ribosomal RNA gene, partial sequence",1
"Uncultured bacterium clone F5K2Q4C04JJKJH 23S ribosomal RNA gene, partial sequence",1
"Uncultured alpha proteobacterium clone O-30-3 16S ribosomal RNA gene, partial sequence",1
"Synthetic construct Homo sapiens clone ccsbBroadEn_06965 SLC12A4 gene, encodes complete protein",1
"Brevundimonas diminuta strain FDAARGOS_1026 chromosome, complete genome",1
"MACACA MULATTA BAC clone CH250-471F6 from chromosome unknown, complete sequence",3
"Microcyclospora quercina strain CPC 10712 18S ribosomal RNA gene, internal transcribed spacer 1, 5.8S ribosomal RNA gene, and internal transcribed spacer 2, complete sequence; and 28S ribosomal RNA gene, partial sequence",2
"PREDICTED: Macaca fascicularis interferon stimulated exonuclease gene 20 like 2 (ISG20L2), transcript variant X7, mRNA",1
"Homo sapiens FOSMID clone ABC13-48872900E1 from chromosome 12, complete sequence",1
"Diacronema vlkianum genomic DNA containing 18S rRNA gene, culture collection CCAP 914/1",1
Homo sapiens isolate CHM13 chromosome 19,15
"Arthrospira sp. str. PCC 8005 chromosome, complete genome",8
"Uncultured bacterium partial 16S rRNA gene, clone EBP1744",3
"Homo sapiens BAC clone CTD-2148K13 from chromosome 2, complete sequence",3
"Ferribacterium limneticum strain 77 chromosome, complete genome",7
"Uncultured bacterium clone 3461 16S ribosomal RNA gene, partial sequence",1
"Lactobacillus amylovorus strain MT30 chromosome, complete genome",1
"Denitratisoma oestradiolicum strain DSM16959 genome assembly, chromosome: I",5
"Homo sapiens EF-hand domain containing 1 (EFHC1), RefSeqGene on chromosome 6",1
"Meles meles genome assembly, chromosome: 12",7
"Blastomyces dermatitidis ER-3 28S ribosomal RNA (BDCG_18022), rRNA",4
"Cladosporium herbarum strain CBS 723.79 28S large subunit ribosomal RNA gene, partial sequence",5
"Herminiimonas arsenicoxydans strain 21SJ12W-32 16S ribosomal RNA gene, partial sequence",2
Saccharomyces cerevisiae strain S288C-SK1-cross isolate tetrad 8 spore a chromosome XII,6
"Fridericia seoraksani voucher 1044 small subunit ribosomal RNA gene, partial sequence; internal transcribed spacer 1 and 5.8S ribosomal RNA gene, complete sequence; and internal transcribed spacer 2, partial sequence",1
"Meles meles genome assembly, chromosome: 11",5
"PREDICTED: Mustela putorius furo 5S ribosomal RNA (LOC123393864), rRNA",2
Janthinobacterium sp. PLB04 chromosome,16
"Xylophilus sp. strain BF8 16S ribosomal RNA gene, partial sequence",11
"Rhinocladiella sp. YH-2009a isolate XJ07086-2 18S ribosomal RNA gene, partial sequence",2
"Euglena viridis 18S small subunit ribosomal RNA gene, partial sequence",2
"Entomomonas asaccharolytica strain F2A chromosome, complete genome",1
"PREDICTED: Macaca fascicularis heterogeneous nuclear ribonucleoprotein A3-like (LOC102121712), mRNA",1
"Homo sapiens chromosome 8, clone RP5-1118A7, complete sequence",1
"Uncultured bacterium clone F5K2Q4C04JF6GQ 16S ribosomal RNA gene, partial sequence",1
"Homo sapiens maternally expressed 8, small nucleolar RNA host gene (MEG8), RefSeqGene (LRG_1058) on chromosome 14",2
"Aquirufa lenticrescens strain 9H-EGSE chromosome, complete genome",3
"Moraxella osloensis strain FLMOS1 chromosome, complete genome",6
"Uncultured bacterium clone F5K2Q4C04JDPTY 23S ribosomal RNA gene, partial sequence",2
"Koerberia biformis voucher Tonsberg 36505 (BG) 28S ribosomal RNA gene, partial sequence",1
"Geobacillus genomosp. 3 strain JF8 chromosome, complete sequence",1
"Homo sapiens isolate 90364-8 mitochondrion, complete genome",5
"PREDICTED: Puma yagouaroundi 5S ribosomal RNA (LOC121024099), rRNA",1
"Uncultured Caulobacteraceae bacterium clone 2_H20 16S ribosomal RNA gene, partial sequence; 16S-23S ribosomal RNA intergenic spacer, complete sequence; and 23S ribosomal RNA gene, partial sequence",1
"Homo sapiens chromosome 11, clone RP11-152H18, complete sequence",1
"Actinomyces weissii strain CCUG 61299 chromosome, complete genome",2
"Euglenaria clavata strain SAG 1224-32 large subunit ribosomal RNA gene, partial sequence",1
"Bos taurus bcnt mRNA for bucentaur, partial cd, clone:lambda-gt10b#3",1
"Synthetic construct Homo sapiens clone ccsbBroadEn_05807 ALPL gene, encodes complete protein",1
"Alcaligenes sp. strain UWIGT_233 16S ribosomal RNA gene, partial sequence",4
"PREDICTED: Talpa occidentalis 5S ribosomal RNA (LOC119239763), rRNA",3
"Cladosporium cladosporioides strain NU26 large subunit ribosomal RNA gene, partial sequence",1
"Cyclidiopsis acus 28S large subunit ribosomal RNA gene, partial sequence",1
"Homo sapiens glycogenin 2 (GYG2), RefSeqGene on chromosome X",1
"Uncultured bacterium clone E05V1C1 16S ribosomal RNA gene, partial sequence",1
"Mycoplasma iowae 695 strain ATCC 33552 16S ribosomal RNA gene, partial sequence; 16S-23S ribosomal RNA intergenic spacer, complete sequence; and 23S ribosomal RNA gene, partial sequence",1
"Meles meles genome assembly, chromosome: Y",9
"Thunnus maccoyii genome assembly, chromosome: 24",6
"Uncultured bacterium clone F5K2Q4C04JUV8B 23S ribosomal RNA gene, partial sequence",2
Neofusicoccum parvum strain DUCC19944 chromosome 17,1
"Shewanella glacialimarina strain TZS-4 chromosome, complete genome",1
"PREDICTED: Callorhinchus milii 18S ribosomal RNA (LOC121852847), rRNA",2
"Uncultured bacterium clone F9P2610_R_D11 16S ribosomal RNA gene and 16S-23S ribosomal RNA intergenic spacer, partial sequence",1
"Uncultured bacterium gene for 16S ribosomal RNA, partial sequence, clone: CMI-8",1
"Microbulbifer elongatus strain DSM 6810 chromosome, complete genome",1
"Bradyrhizobium sp. aic6 23S ribosomal RNA gene, partial sequence",1
"Uncultured bacterium partial 16S rRNA gene, clone HWC10166",1
"Rhizophydiales sp. isolate C03 small subunit ribosomal RNA gene, partial sequence; internal transcribed spacer 1, 5.8S ribosomal RNA gene, and internal transcribed spacer 2, complete sequence; and large subunit ribosomal RNA gene, partial sequence",1
"Uncultured Comamonas sp. clone F5OHPNU07IAWUE 16S ribosomal RNA gene, partial sequence",1
"Uncultured bacterium clone nbu282e03c1 16S ribosomal RNA gene, partial sequence",1
"Uncultured bacterium clone 160 16S ribosomal RNA gene, partial sequence",1
"Aliiruegeria lutimaris strain BD11-15 16S ribosomal RNA gene, partial sequence",1
"Sacculina carcini genome assembly, chromosome: 15",1
"Acinetobacter calcoaceticus strain ARu19 chromosome, complete genome",11
"Psychrobacter sp. WY6 chromosome, complete genome",3
"PREDICTED: Jaculus jaculus 5S ribosomal RNA (LOC123460976), rRNA",2
"Homo sapiens cDNA FLJ34283 fis, clone FEBRA2003926, weakly similar to NonF",1
"PREDICTED: Cyprinus carpio 5S ribosomal RNA (LOC122142630), rRNA",1
"Homo sapiens cDNA FLJ90598 fis, clone PLACE1001295, highly similar to Human pregnancy-specific beta 1-glycoprotein 4 (PSG4) clone FL-64 mRNA",1
"Uncultured bacterium clone F5K2Q4C04I4V74 23S ribosomal RNA gene, partial sequence",2
"Homo sapiens U3 small nuclear RNA (U3a) gene, promoter region and complete sequence",3
"Homo sapiens BAC clone RP11-1228E12 from chromosome 17, complete sequence",1
"Uncultured bacterium clone F5K2Q4C04IXBHN 23S ribosomal RNA gene, partial sequence",1
"PREDICTED: Syngnathus acus 28S ribosomal RNA (LOC119133125), rRNA",1
Devosia oryziradicis strain G19 chromosome,2
"Acidovorax valerianellae strain KACC 16998 16S ribosomal RNA gene, partial sequence; 16S-23S ribosomal RNA intergenic spacer, complete sequence; and 23S ribosomal RNA gene, partial sequence",3
"Euglena sp. Bibong100404-2 23S ribosomal RNA gene, partial sequence; chloroplast",1
"Comamonas thiooxydans strain CSUSB4 chromosome, complete genome",4
"Uncultured bacterium clone MD204 16S ribosomal RNA gene, partial sequence",1
"Monomorphina aenigmatica strain Galdae022507F 26S large subunit ribosomal RNA gene, partial sequence",2
"Homo sapiens propionyl-CoA carboxylase subunit alpha (PCCA), RefSeqGene on chromosome 13; nuclear gene for mitochondrial product",1
"Pseudomonas fitomaticsae strain FIT81 chromosome, complete genome",2
"Homo sapiens FOSMID clone ABC12-46987300E12 from chromosome unknown, complete sequence",3
"Homo sapiens nuclear pore complex interacting protein family member B5 (NPIPB5), transcript variant 3, mRNA",1
"Alternaria alternata isolate TAA-05 small subunit ribosomal RNA gene, partial sequence",6
"Uncultured fungus clone transfer_B3 18S ribosomal RNA gene, partial sequence",1
"Bradyrhizobium septentrionale strain 1S1 chromosome, complete genome",3
"Kluyveromyces marxianus strain BR19 large subunit ribosomal RNA gene, partial sequence",1
"Serpentinomonas mccroryi DNA, complete genome",1
"Leptothrix cholodnii strain SP-6 23S ribosomal RNA gene, complete sequence",6
"Caulobacter segnis strain CBR1 chromosome, complete genome",1
"PREDICTED: Desmodus rotundus leucine rich repeat containing 58 (LRRC58), transcript variant X2, mRNA",1
"PREDICTED: Jaculus jaculus 5S ribosomal RNA (LOC123460974), rRNA",18
"Meles meles genome assembly, chromosome: 19",3
"Uncultured bacterium clone ncd1142h11c1 16S ribosomal RNA gene, partial sequence",1
"Homo sapiens BAC clone CH17-404K1 from chromosome 2, complete sequence",2
"Diaphorobacter sp. strain 176 16S ribosomal RNA gene, partial sequence",1
"PREDICTED: Halichoerus grypus 5S ribosomal RNA (LOC118527740), rRNA",1
Qipengyuania xiapuensis strain 1NDW3 chromosome,1
"Meles meles genome assembly, chromosome: 18",12
"Polaromonas naphthalenivorans strain CJ2 23S ribosomal RNA gene, complete sequence",8
"Homo sapiens BAC clone RP13-278B6 from chromosome 2, complete sequence",3
"Pan troglodytes chromosome 22 clone:PTB-071B01, map 22, complete sequences",1
"Klebsiella quasipneumoniae strain M72-2-2 chromosome, complete genome",1
"Uncultured bacterium clone 0cmOC0233 16S ribosomal RNA gene, partial sequence",1
"Uncultured bacterium clone ncd365e07c1 16S ribosomal RNA gene, partial sequence",1
Homo sapiens isolate CHM13 chromosome 20,9
"Uncultured bacterium clone 91A 16S ribosomal RNA gene, partial sequence",1
"Homo sapiens ankyrin repeat domain 36C (ANKRD36C), transcript variant 2, mRNA",2
"Uncultured bacterium clone F5K2Q4C04JC92V 23S ribosomal RNA gene, partial sequence",3
"Synthetic construct Homo sapiens clone ccsbBroadEn_15575 RPLP0 gene, encodes complete protein",1
"Uncultured organism clone 1301A09sw_095 18S ribosomal RNA gene, partial sequence",1
"Homo sapiens vimentin (VIM), RefSeqGene on chromosome 10",1
"Uncultured bacterium clone a27 16S ribosomal RNA gene, partial sequence",1
"PREDICTED: Ovis aries 18S ribosomal RNA (LOC114112702), rRNA",1
"Psychrobacter sp. strain voya54th1913 16S ribosomal RNA gene, partial sequence",1
"Uncultured bacterium clone ncd328d04c1 16S ribosomal RNA gene, partial sequence",3
"Acidovorax sp. strain IM-2b 16S ribosomal RNA gene, partial sequence",9
"Burkholderia pseudomallei MSHR305 chromosome 1, complete sequence",1
"Alternaria alternata strain Z7 chromosome 7, complete sequence",6
"Homo sapiens chromosome 11, clone RP11-682B13, complete sequence",1
"Homo sapiens isolate CHF39 mitochondrion, complete genome",1
"PREDICTED: Oncorhynchus mykiss 5S ribosomal RNA (LOC118963923), rRNA",1
"Homo sapiens cDNA FLJ13338 fis, clone OVARC1001883",1
"PREDICTED: Cervus canadensis 28S ribosomal RNA (LOC122439053), rRNA",1
"Burkholderia sp. strain PSB3 16S ribosomal RNA gene, partial sequence",3
Rattus norvegicus TL0AAA63YK17 mRNA sequence,2
"PREDICTED: Talpa occidentalis 5S ribosomal RNA (LOC119239764), rRNA",2
Rhizobacter sp. AJA081-3 chromosome,1
"Saccharata capensis strain CBS 122693 culture-collection CBS:122693 large subunit ribosomal RNA gene, partial sequence",1
"Uncultured bacterium clone ESBAC04A02 16S ribosomal RNA gene, partial sequence",1
"Ornithinimicrobium sp. strain CQ23 16S ribosomal RNA gene, partial sequence",1
"PREDICTED: Saimiri boliviensis boliviensis U1 spliceosomal RNA (LOC120360946), ncRNA",1
"Moraxella osloensis strain FDAARGOS_1202 chromosome, complete genome",2
"Alicycliphilus denitrificans I51 DNA, complete genome",2
"Synthetic construct Homo sapiens clone ccsbBroadEn_15570 RPL6 gene, encodes complete protein",1
uncultured bacterium partial 16S rRNA gene,3
"PREDICTED: Cebus imitator U1 spliceosomal RNA (LOC119472418), ncRNA",1
"PREDICTED: Halichoerus grypus 5S ribosomal RNA (LOC118527738), rRNA",3
"Acidovorax facilis strain IDR 3L1-3 16S ribosomal RNA gene, partial sequence",1
"Setophoma terrestris isolate H64 internal transcribed spacer 1, partial sequence; 5.8S ribosomal RNA gene and internal transcribed spacer 2, complete sequence; and large subunit ribosomal RNA gene, partial sequence",1
"PREDICTED: Cervus canadensis basic salivary proline-rich protein 4-like (LOC122437895), mRNA",1
"Mermithidae sp. Shizuoka-1 gene for 18S rRNA, partial sequence",1
"Synthetic construct Homo sapiens clone ccsbBroadEn_03043 DEXI gene, encodes complete protein",1
"Gemella haemolysans strain FDAARGOS_1500 chromosome, complete genome",1
"PREDICTED: Cyprinus carpio 5S ribosomal RNA (LOC122148484), rRNA",1
"Homo sapiens chromosome unknown clone VMRC66-359C02, complete sequence",1
"Uncultured bacterium clone BITS_HBP1_W27 16S ribosomal RNA gene, partial sequence; 16S-23S ribosomal RNA intergenic spacer, complete sequence; and 23S ribosomal RNA gene, partial sequence",1
"Uncultured bacterium clone F5K2Q4C04IWM1F 23S ribosomal RNA gene, partial sequence",1
Hydrogenophaga palleronii (strain LMG 2366t1) 5S ribosomal RNA,1
"Uncultured bacterium clone KG15EPSG09 23S ribosomal RNA gene, partial sequence",1
"Azospira restricta strain DSM 18626 chromosome, complete genome",4
"Uncultured bacterium clone nbw578d12c1 16S ribosomal RNA gene, partial sequence",1
"Comamonas aquatica strain B1 chromosome, complete genome",7
"Paramecium tetraurelia large subunit ribosomal RNA gene, complete sequence",1
"Curvibacter sp. strain L22103 16S ribosomal RNA gene, partial sequence",1
"Uncultured bacterium clone F5K2Q4C04I9Z96 23S ribosomal RNA gene, partial sequence",3
"Canis lupus genome assembly, chromosome: 4",2
"Uncultured alpha proteobacterium clone GC0AA3ZE06PP1 16S ribosomal RNA gene, partial sequence",1
"Homo sapiens BAC clone RP11-556H17 from 2, complete sequence",1
"Uncultured fungus clone C2_EE5 28S ribosomal RNA gene, partial sequence",1
"Ochromonas sp. SAG 933.10 28S ribosomal RNA gene, partial sequence",2
"Uncultured bacterium clone F5K2Q4C04I5U58 23S ribosomal RNA gene, partial sequence",2
"Uncultured alpha proteobacterium clone M3-021 16S ribosomal RNA gene, partial sequence",1
"Staphylococcus sp. HL28 chromosome, complete genome",1
"PREDICTED: Chlorocebus sabaeus ribosomal protein S6 kinase C1 (RPS6KC1), transcript variant X12, mRNA",1
"Massilia antarctica strain P9640 chromosome, complete genome",1
"PREDICTED: Rana temporaria 28S ribosomal RNA (LOC120919751), rRNA",1
"PREDICTED: Protopterus annectens 5S ribosomal RNA (LOC122814705), rRNA",1
"Rubrivivax gelatinosus strain IL144 23S ribosomal RNA gene, complete sequence",3
"Aquabacterium parvum strain S_WO.AB15.069 16S ribosomal RNA gene, partial sequence",4
"Euglena deses strain SAG1224-20 16S ribosomal RNA gene, partial sequence; chloroplast",1
"Uncultured eukaryote clone F5K2Q4C04ISS4M 28S ribosomal RNA gene, partial sequence",1
"Dunaliella salina strain CS265 18S ribosomal RNA gene, partial sequence",1
"Homo sapiens v-Ki-ras2 Kirsten rat sarcoma viral oncogene homolog (KRAS) gene, complete cds",1
"Comamonas fluminis strain CJ34 chromosome, complete genome",1
"Homo sapiens genomic DNA, chromosome 11 clone:RP11-157K17, complete sequence",1
"Homo sapiens chromosome 17, clone XXfos-82524G9, complete sequence",1
"Teratosphaeria alcornii strain CPC 3632 28S large subunit ribosomal RNA gene, partial sequence",2
"PREDICTED: Rattus norvegicus 5S ribosomal RNA (LOC120102552), rRNA",3
"Pusillimonas sp. T7-7 strain T7-7 23S ribosomal RNA, complete sequence",1
"Synthetic construct Homo sapiens clone ccsbBroadEn_07087 TNXB gene, encodes complete protein",1
"Methyloversatilis discipulorum strain S_WO.AB16.054 16S ribosomal RNA gene, partial sequence",21
"Uncultured bacterium clone J251 16S ribosomal RNA gene, partial sequence",1
"PREDICTED: Halichoerus grypus 5S ribosomal RNA (LOC118526480), rRNA",3
"Lecane bulla 28S ribosomal RNA gene, partial sequence",1
"Gazza minuta 28S ribosomal RNA gene, partial sequence",1
"PREDICTED: Jaculus jaculus 28S ribosomal RNA (LOC123457586), rRNA",3
"Homo sapiens nuclear pore complex interacting protein family, member B10, pseudogene (NPIPB10P) on chromosome 16",2
"Agrobacterium rubi strain W2/73 chromosome 2, complete sequence",2
"Rhodoferax saidenbachensis strain S_WE.SI8.022 16S ribosomal RNA gene, partial sequence",1
"Ochromonas danica mitochondrial DNA, complete genome",1
"Macaca fascicularis isolate pMf10 5S ribosomal RNA gene, complete sequence",1
"Chain A2, 28S ribosomal RNA",4
"Digitaria exilis genome assembly, chromosome: UA",4
"Chitinophagaceae bacterium HU1-GB11 16S ribosomal RNA gene, partial sequence",1
"Homo sapiens BAC clone RP11-306G20 from 7, complete sequence",1
"Ramlibacter tataouinensis TTB310, complete genome",1
"PREDICTED: Cebus imitator 5S ribosomal RNA (LOC119467332), rRNA",1
Gemmata bacterium CJuql4 whole genome assembly and annotation,1
"Uncultured beta proteobacterium clone AM-20-47 16S ribosomal RNA gene, partial sequence; 16S-23S ribosomal RNA intergenic spacer, complete sequence; and 23S ribosomal RNA gene, partial sequence",1
"Synura bjoerkii partial 18S rRNA gene, strain SC 57.A6",1
"Acinetobacter courvalinii strain EU.4BS2 16S ribosomal RNA gene, partial sequence",1
"Cladosporium langeronii isolate Sp9 small subunit ribosomal RNA gene, partial sequence; internal transcribed spacer 1 and 5.8S ribosomal RNA gene, complete sequence; and internal transcribed spacer 2, partial sequence",2
Saccharomyces cerevisiae strain S288C-SK1-cross isolate tetrad 8 spore a chromosome IX,1
"Rhodotorula sp. 'maule' strain C4 18S ribosomal RNA gene and internal transcribed spacer 1, partial sequence",1
"Streptococcus constellatus subsp. pharyngis strain C1050 23S ribosomal RNA gene, complete sequence",1
"PREDICTED: Mesocricetus auratus 5S ribosomal RNA (LOC121136657), rRNA",2
"Homo sapiens chromosome 15 clone VMRC54-180A20, complete sequence",1
"PREDICTED: Callithrix jacchus 5S ribosomal RNA (LOC118143272), rRNA",2
"Chain e2, 28S RIBOSOMAL RNA",1
"Brevundimonas sp. AJA228-03 chromosome, complete genome",1
"Uncultured bacterium clone ncd2492f02c1 16S ribosomal RNA gene, partial sequence",1
"Uncultured bacterium clone F5K2Q4C04I12TO 23S ribosomal RNA gene, partial sequence",1
"Chain XB, mitochondrial tRNAVal",2
"Staphylococcus ratti strain CCM 9025 chromosome, complete genome",1
"Homo sapiens protein kinase cAMP-dependent type I regulatory subunit alpha (PRKAR1A), RefSeqGene (LRG_514) on chromosome 17",1
"PREDICTED: Cyprinus carpio 5S ribosomal RNA (LOC122143224), rRNA",1
"Uncultured bacterium clone nbu307d01c1 16S ribosomal RNA gene, partial sequence",2
"Ralstonia solanacearum strain SY1 plasmid unnamed, complete sequence",1
"Alternaria alternata strain Z7 chromosome 10, complete sequence",1
"Homo sapiens FOSMID clone ABC14-1187322I23 from chromosome 11, complete sequence",1
"Methylovorus sp. MP688 strain MP688 23S ribosomal RNA, complete sequence",1
"Uncultured bacterium clone F5K2Q4C04IYUJI 23S ribosomal RNA gene, partial sequence",1
Uncultured bacterium clone S09_PE_5 genomic sequence,1
"Uncultured bacterium clone leachfield16Sseq330 16S ribosomal RNA gene, partial sequence",2
"PREDICTED: Cervus canadensis collagen alpha-1(I) chain-like (LOC122437899), mRNA",1
"Delftia sp. strain W0C6 16S ribosomal RNA gene, partial sequence",4
"Uncultured bacterium clone F5K2Q4C04JTQTE 23S ribosomal RNA gene, partial sequence",2
"Thermomonas carbonis strain KCTC 42013 chromosome, complete genome",1
"Uncultured bacterium clone DVBSW_D143 16S ribosomal RNA gene, partial sequence",1
"PREDICTED: Mauremys mutica 28S ribosomal RNA (LOC123360439), rRNA",3
Homo sapiens KIAA0562 mRNA for KIAA0562 protein,1
Homo sapiens COBW domain containing 3 pseudogene (LOC728877) on chromosome 9,2
"Uncultured bacterium clone QKAB1ZC081 16S ribosomal RNA gene, partial sequence",4
"Uncultured bacterium clone PS_Site2_3_LRC-1 16S ribosomal RNA gene, partial sequence; 16S-23S ribosomal RNA intergenic spacer, complete sequence; and 23S ribosomal RNA gene, partial sequence",2
"Uncultured alpha proteobacterium partial 16S rRNA gene, clone PGn-1",1
"Uncultured bacterium 16S rRNA gene, clone MRA1003",1
"Klebsiella michiganensis strain 8-1 chromosome, complete genome",9
"uncultured fungus genomic DNA sequence contains 18S rRNA gene, ITS1, 5.8S rRNA gene, ITS2, 28S rRNA gene, isolate consensus02834",1
"Uncultured bacterium clone GKJWQY101A61WT 23S ribosomal RNA gene, partial sequence",1
"Prolinoborus fasciculus strain GL212 16S ribosomal RNA gene, partial sequence",1
"Uncultured bacterium clone s99 hrb2 gene cluster, complete sequence",2
"Candidatus Desulfobacillus denitrificans DNA, complete genome",1
"PREDICTED: Mus musculus 5S ribosomal RNA (n-R5s102), rRNA",1
"PREDICTED: Aegilops tauschii subsp. strangulata SKP1-interacting partner 15 (LOC109765904), mRNA",1
"Uncultured bacterium partial 16S rRNA gene, clone EBP1085",1
"Phytolacca dioica voucher ENC851185 small subunit ribosomal RNA gene, partial sequence; internal transcribed spacer 1, 5.8S ribosomal RNA gene, and internal transcribed spacer 2, complete sequence; and large subunit ribosomal RNA gene, partial sequence",1
"Homo sapiens protein tyrosine phosphatase receptor type Q (PTPRQ), RefSeqGene on chromosome 12",1
"Uncultured bacterium clone nbw219a03c1 16S ribosomal RNA gene, partial sequence",1
"Ascosphaera atra strain 693A 18S ribosomal RNA gene, partial sequence; internal transcribed spacer 1, 5.8S ribosomal RNA gene, and internal transcribed spacer 2, complete sequence; and 28S ribosomal RNA gene, partial sequence",2
"Meles meles genome assembly, chromosome: 21",3
"Synthetic construct Homo sapiens pleiomorphic adenoma gene-like 2, mRNA (cDNA clone IMAGE:3351694), **** WARNING: chimeric clone ****",1
"Psychrobacter sp. strain voya54th227 16S ribosomal RNA gene, partial sequence",1
"PREDICTED: Macaca fascicularis small nucleolar RNA SNORD116 (LOC123574907), ncRNA",2
"Ramlibacter tataouinensis strain TTB310 23S ribosomal RNA gene, complete sequence",1
"Acinetobacter baumannii strain SHOU-Ab01 chromosome, complete genome",4
"Synthetic construct Homo sapiens clone ccsbBroadEn_01912 HIST1H4J gene, encodes complete protein",1
"Homo sapiens notch 2 N-terminal like B (NOTCH2NLB), transcript variant 3, mRNA",1
"Homo sapiens BAC clone CH17-231K7 from chromosome 10, complete sequence",2
"Cryptoglena sp. 3 JIK-2012 strain Sumoon111409A large subunit ribosomal RNA gene, partial sequence; plastid",1
"Homo sapiens DNA, chromosome 20, nearly complete genome",1
"Homo sapiens DNA, chromosome 16, nearly complete genome",2
"Homo sapiens BAC clone CH17-298H2 from chromosome unknown, complete sequence",3
"Massilia sp. HC52 chromosome, complete genome",2
"Uncultured bacterium clone B01r1u88 16S ribosomal RNA gene, partial sequence",1
"Homo sapiens fibronectin 1, mRNA (cDNA clone MGC:177294 IMAGE:9052277), complete cds",3
Homo sapiens integrin subunit beta 1 pseudogene 1 (ITGB1P1) on chromosome 19,1
"Dechloromonas denitrificans strain 98 chromosome, complete genome",3
"PREDICTED: Neovison vison 5S ribosomal RNA (LOC122901297), rRNA",8
"Homo sapiens mucin 20, cell surface associated (MUC20), RefSeqGene on chromosome 3",1
"Diaphorobacter ruginosibacter strain DSM 27467 chromosome, complete genome",2
Gorilla 28S ribosomal RNA gene fragment,1
"Klebsiella pneumoniae subsp. pneumoniae RTE-E3 DNA, complete genome: sequence1",2
"Pseudomonas chlororaphis strain PA23, complete genome",1
"Neisseria sicca strain ATCC 29256 23S ribosomal RNA gene, complete sequence",1
"PREDICTED: Macaca fascicularis small nucleolar RNA SNORD116 (LOC123574921), ncRNA",1
"Burkholderia sp. 2351 16S ribosomal RNA gene, partial sequence",1
Rattus norvegicus TL0ACA30YI11 mRNA sequence,3
"Pseudomonas aeruginosa strain JNQH-PA027 chromosome, complete genome",1
"Acinetobacter pittii strain AP2044 chromosome, complete genome",2
"Uncultured bacterium clone D15 16S ribosomal RNA gene, partial sequence",1
"PREDICTED: Neovison vison 5S ribosomal RNA (LOC122901266), rRNA",4
"Flavobacterium ammonificans SHINM13 DNA, complete genome",2
"Euglena exilis strain SAG 1224-11a 16S ribosomal RNA gene, partial sequence; chloroplast",1
"Cervus elaphus genome assembly, chromosome: 4",2
"Ottowia shaoguanensis strain J5-66 16S ribosomal RNA, partial sequence",1
"Uncultured eukaryote clone TKCS-177 18S ribosomal RNA gene, partial sequence",1
"Tepidimonas taiwanensis strain LMG 22826 chromosome, complete genome",5
"Uncultured bacterium clone nck93f06c1 16S ribosomal RNA gene, partial sequence",1
"Human DNA sequence from clone RP11-193H22 on chromosome 6, complete sequence",1
"Colacogloea peniophorae isolate AFTOL-ID 709 18S small subunit ribosomal RNA gene, partial sequence",1
"Lachnospiraceae bacterium GAM79 strain FDAARGOS_1585 chromosome, complete genome",1
"PREDICTED: Gallus gallus 28S ribosomal RNA (LOC121107017), rRNA",3
"Uncultured bacterium clone nck314h11c1 16S ribosomal RNA gene, partial sequence",1
"Homo sapiens antisense non-coding chimeric transcript 2 gene, complete sequence; mitochondrial",1
"Homo sapiens isolate ESP0750 mitochondrion, complete genome",1
"Chlorocillium griseum strain NL20210822-18 small subunit ribosomal RNA gene, partial sequence; internal transcribed spacer 1, 5.8S ribosomal RNA gene, and internal transcribed spacer 2, complete sequence; and large subunit ribosomal RNA gene, partial sequence",1
"PREDICTED: Jaculus jaculus 5S ribosomal RNA (LOC123464131), rRNA",2
"Janthinobacterium sp. Marseille, complete genome",1
"Uncultured eukaryote clone ASV289 small subunit ribosomal RNA gene, partial sequence",1
"Corynebacterium diphtheriae strain SCPM-O-B-4453 chromosome, complete genome",1
"Rhodosporidium sp. 'maule' strain C24 18S ribosomal RNA gene, partial sequence",1
"Notocelia uddmanniana genome assembly, chromosome: 21",1
"Homo sapiens ribosomal protein S2, mRNA (cDNA clone MGC:19832 IMAGE:4040679), complete cds",1
"Meles meles genome assembly, chromosome: 15",2
Arabidopsis thaliana chromosome 3,1
"Human DNA sequence from clone RP11-337A23 on chromosome 9, complete sequence",1
Pseudomonas aeruginosa strain PABCH14 chromosome,1
"Sporobolomyces sp. LF1 18S ribosomal RNA gene, partial sequence",2
Uncultured beta proteobacterium CBNPD1 BAC clone 578 genomic sequence,1
"Pseudomonas sp. ABC1 chromosome, complete genome",1
"Uncultured bacterium gene for 16S ribosomal RNA, partial sequence, isolate: DGGE: 6",1
"Canis lupus genome assembly, chromosome: 29",1
"PREDICTED: Molossus molossus 28S ribosomal RNA (LOC118627438), rRNA",1
"PREDICTED: Mus musculus 5S ribosomal RNA (n-R5s130), rRNA",8
"Uncultured bacterium partial 16S rRNA gene, clone DGGE bandEII22",1
"Homo sapiens tyrosine phosphatase (cdc14B) mRNA, complete cds",5
"PREDICTED: Vulpes lagopus 5S ribosomal RNA (LOC121483792), rRNA",1
"Thiocapsa bogorovii strain BBS chromosome, complete genome",6
"Homo sapiens genomic sequence surrounding NotI site, clone NL4-AC13C",1
"Spathidium amphoriforme internal transcribed spacer 1, 5.8S ribosomal RNA gene, internal transcribed spacer 2, and 28S ribosomal RNA gene, complete sequence",2
"Uncultured bacterium clone 184 16S ribosomal RNA gene, partial sequence",1
"Acidovorax avenae subsp. avenae strain ATCC 19860 23S ribosomal RNA gene, complete sequence",10
"Massilia sp. NP310 chromosome, complete genome",3
"Homo sapiens isolate ZAM078 mitochondrion, complete genome",1
"Phacus platyaulax strain ACOI 1120 28S large subunit ribosomal RNA gene, partial sequence",2
"Uncultured bacterium clone ANAO6day08C-ARISA800 16S ribosomal RNA gene, partial sequence",1
"Synthetic construct Homo sapiens clone ccsbBroadEn_00480 EEF1A1 gene, encodes complete protein",1
"Homo sapiens PRO2605 mRNA, complete cds",3
"Chrysolepidomonas dendrolepidota internal transcribed spacer 1, 5.8S ribosomal RNA gene, internal transcribed spacer 2, and 28S large subunit ribosomal RNA gene, complete sequence",1
"PREDICTED: Leopardus geoffroyi 5S ribosomal RNA (LOC123577611), rRNA",4
"Calditerrivibrio nitroreducens strain Yu37-1 23S ribosomal RNA gene, complete sequence",1
"Homo sapiens zinc finger, AN1-type domain 5, mRNA (cDNA clone MGC:10350 IMAGE:3945047), complete cds",1
"PREDICTED: Thunnus maccoyii 5S ribosomal RNA (LOC121892840), rRNA",1
"Synthetic construct Homo sapiens clone ccsbBroadEn_06147 EIF4A1 gene, encodes complete protein",1
Zymoseptoria tritici strain WAI332 chromosome 7,2
"Sus scrofa mRNA, clone: ADR010075B02, expressed in adrenal gland",1
"Uncultured bacterium clone F5K2Q4C04JLEWO 23S ribosomal RNA gene, partial sequence",2
"Mendogia diffusa voucher MFLU 20-0541 small subunit ribosomal RNA gene, partial sequence",1
"PREDICTED: Manis pentadactyla U1 spliceosomal RNA (LOC118916761), ncRNA",1
"PREDICTED: Macaca fascicularis tenascin-X (LOC102131497), transcript variant X13, mRNA",1
"Uncultured bacterium clone s18 23S ribosomal RNA gene, partial sequence",3
"Homo sapiens ABL proto-oncogene 2, non-receptor tyrosine kinase (ABL2), RefSeqGene on chromosome 1",1
"Uncultured beta proteobacterium DNA, fosmid clone: JFF003_G12",3
"Uncultured bacterium clone 3H1C 23S ribosomal RNA gene, partial sequence",1
"Roseibium aggregatum strain LZB033 chromosome, complete genome",2
"PREDICTED: Macaca fascicularis eukaryotic translation elongation factor 1 alpha 1 (EEF1A1), transcript variant X3, mRNA",2
"Uncultured bacterium clone Seq-09_F03 16S ribosomal RNA gene, partial sequence",1
"PREDICTED: Neovison vison 28S ribosomal RNA (LOC122908159), rRNA",1
"Methylotenera mobilis strain JLW8 23S ribosomal RNA gene, complete sequence",2
"Miniopterus tristis 12S ribosomal RNA, tRNA-Val, and 16S ribosomal RNA genes, complete sequence; mitochondrial",1
"Homo sapiens stromal interaction molecule 1 (STIM1), RefSeqGene (LRG_164) on chromosome 11",1
"Acinetobacter haemolyticus strain w12 chromosome, complete genome",1
"PREDICTED: Macaca fascicularis Yes1 associated transcriptional regulator (YAP1), transcript variant X12, mRNA",1
"Euplexia lucipara genome assembly, chromosome: 25",1
"Castellaniella defragrans strain 65Phen 23S ribosomal RNA gene, complete sequence",2
"Chitinimonas koreensis strain R2A43-10 chromosome, complete genome",3
Homo sapiens clone 69 satellite DXZ4 sequence,1
"Homo sapiens BAC clone CH17-90K13 from chromosome 7, complete sequence",1
"Uncultured Limnohabitans sp. genomic DNA containing partial 16S rRNA gene, 16S rRNA-23S rRNA IGS and partial 23S rRNA gene, clone 87",1
"PREDICTED: Rousettus aegyptiacus 5S ribosomal RNA (LOC118614838), rRNA",4
"PREDICTED: Micropterus salmoides 5S ribosomal RNA (LOC119887028), rRNA",1
"Synthetic construct Homo sapiens clone ccsbBroadEn_15572 RPL17 gene, encodes complete protein",1
"Acinetobacter johnsonii strain CSUSB1 chromosome, complete genome",1
"Uncultured bacterium clone F5K2Q4C04JTUNO 23S ribosomal RNA gene, partial sequence",1
Comamonas piscis strain BIGb0172 chromosome,2
"Chlorella vulgaris strain UTEX395 28S rRNA-18S rRNA intergenic spacer, complete sequence",1
"PREDICTED: Tachyglossus aculeatus 28S ribosomal RNA (LOC119924006), rRNA",1
"Homo sapiens dihydropyrimidinase like 2 (DPYSL2), RefSeqGene on chromosome 8",1
"Trachydiscus minutus strain CCALA 838 large subunit ribosomal RNA gene, partial sequence",1
Homo sapiens 3 BAC RP11-572C15 (Roswell Park Cancer Institute Human BAC Library) complete sequence,1
"Brachionus patulus 28S ribosomal RNA gene, partial sequence",2
"Stegophorus macronectes genomic DNA containing 18S rRNA gene, ITS1, 5.8S rRNA gene, ITS2, 28S rRNA gene",1
"Betta splendens genome assembly, chromosome: 1",1
"Uncultured eukaryote clone SGUH1092 18S ribosomal RNA gene, partial sequence",1
"Mesorhizobium sp. B2-1-1 chromosome, complete genome",1
"Meles meles genome assembly, chromosome: 17",3
"Felis catus partial 18S rRNA gene, clone C1C23.18",1
"Uncultured bacterium clone EMIRGE_OTU_s3t2d_443 16S ribosomal RNA gene, partial sequence",1
"Podospora comata strain Wa139- chromosome 3, complete sequence",2
"Homo sapiens isolate Cham60 mitochondrion, complete genome",1
"Cladosporium bruhnei strain SC 18S ribosomal RNA gene, partial sequence",3
"Uncultured archaeon clone 4S_003a_F02 16S ribosomal RNA gene, partial sequence",1
"Rhizobiales bacterium IMCC20636 chromosome, complete genome",1
"Uncultured bacterium clone nbu307h12c1 16S ribosomal RNA gene, partial sequence",1
"Synthetic construct Homo sapiens clone ccsbBroadEn_12038 STAG3L1 gene, encodes complete protein",1
"PREDICTED: Macaca fascicularis heterogeneous nuclear ribonucleoprotein K (HNRNPK), transcript variant X8, mRNA",1
"Uncultured bacterium clone LVB41 16S ribosomal RNA gene, partial sequence",1
"Aromatoleum bremense strain PbN1 chromosome, complete genome",2
"Uncultured bacterium clone ncd2151f08c1 16S ribosomal RNA gene, partial sequence",2
"Meles meles genome assembly, chromosome: 14",4
"Uncultured fungus clone NTS_28S_004E_2_b5 28S ribosomal RNA gene, partial sequence",1
"Uncultured Magnetospirillum sp. clone KH8-900-2 16S ribosomal RNA gene, partial sequence; 16S-23S ribosomal RNA intergenic spacer, tRNA-Ile and tRNA-Ala genes, complete sequence; and 23S ribosomal RNA gene, partial sequence",1
"Bos taurus genome assembly, chromosome: 19",1
"Capronia lijiangensis strain CGMCC 3.20501 small subunit ribosomal RNA gene, partial sequence",1
"Homo sapiens BAC clone CH17-5J2 from chromosome 9, complete sequence",1
"Acomys kempi genome assembly, chromosome: 14",1
"Hydrogenophaga sp. YM1 chromosome, complete genome",2
"Chain L5, 28S rRNA",2
"PREDICTED: Cervus canadensis 28S ribosomal RNA (LOC122439051), rRNA",1
"Diaphorobacter sp. MNS-0 chromosome, complete genome",1
"Uncultured bacterium clone F5K2Q4C04IUTXM 23S ribosomal RNA gene, partial sequence",1
"Massilia sp. DM-R-R2A-13 chromosome, complete genome",3
"Homo sapiens isolate NAB583 mitochondrion, complete genome",1
"Sterkiella histriomuscorum 17S ribosomal RNA gene, internal transcribed spacer 1, 5.8S ribosomal RNA gene, internal transcribed spacer 2, and 28S ribosomal RNA gene, complete sequence; macronuclear",1
"Cladosporium hillianum strain CBS 125988 28S ribosomal RNA gene, partial sequence",1
"Eikenella corrodens strain FDAARGOS_1474 chromosome, complete genome",1
"PREDICTED: Bubalus bubalis 5S ribosomal RNA (LOC112587499), rRNA",5
Paracoccus denitrificans strain R-1 chromosome 2,1
"Homo sapiens clone ABC9_3_5_000043940600_M14 chromosome 22 sequence, complete sequence",1
"PREDICTED: Macaca fascicularis U1 spliceosomal RNA (LOC123570131), ncRNA",1
"Shigella sonnei strain 893916 chromosome, complete genome",1
"Chlamydomonas noctigama culture SAG:33.72 strain SAG 33.72 28S ribosomal RNA gene, partial sequence",1
"Euglena cantabrica strain SAG 1224-25 large subunit ribosomal RNA gene, partial sequence; plastid",1
"Comamonas aquatica 16S ribosomal RNA gene, partial sequence",1
Homo sapiens lncRNA for PREDICTED lncRNA (TCONS_00198336),1
"Endosporium aviarium UAMH 10530 18S rRNA gene, partial sequence; from TYPE material",1
"Pan troglodytes schweinfurthii isolate 11785Exota mitochondrion, complete genome",1
"Brucella anthropi strain T210003 chromosome 2, complete sequence",2
"Rhodoferax ferrireducens strain T118 23S ribosomal RNA gene, complete sequence",4
"Rhodopseudomonas boonkerdii strain NS23 chromosome, complete genome",1
"Caulobacter sp. K31 strain K31 5S ribosomal RNA, complete sequence",1
"Chlamydomonas sp. TK-1983 5S ribosomal RNA gene, complete sequence",1
"Methylibium petroleiphilum strain S_WE.AB6.039 16S ribosomal RNA gene, partial sequence",3
"Synthetic construct Homo sapiens clone ccsbBroadEn_15377 CBS gene, encodes complete protein",1
Psychrobacter sanguinis strain FDAARGOS_1598 chromosome,1
"Uncultured bacterium clone ncd395g01c1 16S ribosomal RNA gene, partial sequence",1
"Rhizogeton nudus voucher MHNG INVE35757 28S large subunit ribosomal RNA gene, partial sequence",1
"Human DNA sequence from clone RP1-292B18 on chromosome 6q24.3-25.3, complete sequence",1
"Uncultured bacterium clone D28_14 16S ribosomal RNA gene, partial sequence",1
"Vicinamibacteria bacterium TBR-22 DNA, complete genome",1
"Homo sapiens BAC clone CH17-75M7 from chromosome 9, complete sequence",1
"Variovorax sp. PAMC28562 chromosome, complete genome",2
"Uncultured bacterium clone F5K2Q4C04JUDGV 23S ribosomal RNA gene, partial sequence",1
"PREDICTED: Mesocricetus auratus 28S ribosomal RNA (LOC121137942), rRNA",1
"Homo sapiens protein tyrosine phosphatase receptor type D (PTPRD), RefSeqGene on chromosome 9",1
"Alternaria alternata strain HA4087 18S ribosomal RNA gene, partial sequence",3
"Komagataeibacter xylinus strain E25 23S ribosomal RNA gene, complete sequence",1
"Clostera curtula genome assembly, chromosome: 18",1
"PREDICTED: Protopterus annectens 28S ribosomal RNA (LOC122805152), rRNA",1
"Homo sapiens VOPP1 WW domain binding protein (VOPP1), transcript variant 4, mRNA",1
"Aeromicrobium sp. strain CR(2)11 16S ribosomal RNA gene, partial sequence",1
"Candidatus Nitrospira defluvii chromosome, complete genome",1
"Propionibacterium acnes hdn-1, complete genome",2
"Uncultured bacterium clone 3-70 16S ribosomal RNA gene, partial sequence",1
"Mononchus pulcher strain MonCPul1 18S ribosomal RNA gene, partial sequence",1
"uncultured fungus genomic DNA sequence contains 18S rRNA gene, ITS1, 5.8S rRNA gene, ITS2, 28S rRNA gene, isolate consensus04172",1
"Microbacterium sp. cx-55 chromosome, complete genome",1
"Cervus elaphus genome assembly, chromosome: 30",2
"PREDICTED: Macaca fascicularis thymosin beta 4 X-linked (TMSB4X), mRNA",1
"Brevundimonas vesicularis strain MSB2 16S ribosomal RNA gene, partial sequence",1
"Uncultured bacterium clone LVB29 16S ribosomal RNA gene, partial sequence",1
"Uncultured beta proteobacterium clone SHAK066 16S ribosomal RNA gene, partial sequence",1
"PREDICTED: Leopardus geoffroyi 5S ribosomal RNA (LOC123595696), rRNA",1
"PREDICTED: Dipodomys spectabilis 5S ribosomal RNA (LOC122112302), rRNA",2
"Homo sapiens FOSMID clone ABC13-47482200K4 from chromosome 20, complete sequence",1
Homo sapiens mRNA; cDNA DKFZp686O12165 (from clone DKFZp686O12165); complete cds,1
"Madurella mycetomatis mitochondrion, complete genome",1
"Phrynium rheedei chloroplast, complete genome",1
"PREDICTED: Neovison vison collagen alpha-1(II) chain-like (LOC122897899), mRNA",1
"Cupriavidus campinensis strain C19 16S ribosomal RNA gene, partial sequence",1
"Pseudonocardia dioxanivorans strain CB1190 23S ribosomal RNA gene, complete sequence",2
"PREDICTED: Cervus canadensis basic proline-rich protein-like (LOC122437901), mRNA",2
"Homo sapiens nucleophosmin 1 (NPM1), RefSeqGene (LRG_458) on chromosome 5",1
"Homo sapiens DNA, sequence_id: unplaced_0095",2
"Uncultured bacterium clone PAH3week11SedimAnoxic_J21_11_H01 16S ribosomal RNA gene, partial sequence",1
"Mus musculus brain beta spectrin (Spnb-2) mRNA, complete cds",1
"Uncultured Pseudomonas sp. clone S-1 16S ribosomal RNA gene, partial sequence",1
"Geobacillus stearothermophilus strain CICC 10392 16S ribosomal RNA gene, partial sequence",1
"Homo sapiens chromosome 5 clone CTD-2061O12, complete sequence",1
"Novosphingobium sp. ES2-1 chromosome, complete genome",1
"Rickettsia bellii 23S rRNA and 5S rRNA genes, partial sequence, and 23S-5S internal transcribed spacer",1
"Boldia erythrosiphon internal transcribed spacer 1, partial sequence; 5.8S ribosomal RNA gene, complete sequence; and internal transcribed spacer 2, partial sequence",1
"PREDICTED: Macaca fascicularis DEAH-box helicase 40 (DHX40), transcript variant X4, mRNA",1
"Synura punctulosa strain W83 large subunit ribosomal RNA gene, partial sequence; chloroplast",1
"Uncultured bacterium clone F5K2Q4C04H75A3 23S ribosomal RNA gene, partial sequence",1
"Uncultured bacterium clone F5K2Q4C04H90HX 23S ribosomal RNA gene, partial sequence",1
Homo sapiens clone hsat2cln27 satellite 2 sequence,1
"Homo sapiens cDNA clone IMAGE:9053163, containing frame-shift errors",1
"Chain t, 28S ribosomal RNA",1
"Uncultured bacterium clone F5K2Q4C04J453J 23S ribosomal RNA gene, partial sequence",1
"Candidatus Amoebophilus asiaticus strain 5a2 23S ribosomal RNA gene, complete sequence",1
"Impatiens capensis isolate CJW small subunit ribosomal RNA gene, partial sequence",1
"Lepocinclis fusiformis strain ACOI 1025 large subunit ribosomal RNA gene, partial sequence",1
"Acinetobacter lwoffii strain VS15 chromosome, complete genome",1
Aureobasidium melanogenum strain TN3-1 chromosome 10,1
"Delftia sp. strain 107 16S ribosomal RNA gene, partial sequence",1
"Chromohalobacter salarius 23S rRNA gene, type strain CECT 5903T",1
"Mus musculus BAC clone RP24-226C9 from chromosome 8, complete sequence",2
"Homo sapiens ubiquitin C (UBC), RefSeqGene on chromosome 12",1
"PREDICTED: Cervus canadensis 28S ribosomal RNA (LOC122439052), rRNA",2
"uncultured fungus genomic DNA sequence contains 18S rRNA gene, ITS1, 5.8S rRNA gene, ITS2, 28S rRNA gene, isolate consensus02249",1
"Uncultured eukaryote clone E88AHAQ02IKINJ 18S ribosomal RNA gene, partial sequence",4
"Chain A, 16S rRNA",1
"Davidiella sp. F52 18S ribosomal RNA gene, partial sequence",1
"Pseudochaetosphaeronema sp. strain NI167 small subunit ribosomal RNA gene, partial sequence",1
"Pseudomonas neuropathica strain CG31 16S ribosomal RNA gene, partial sequence",1
"PREDICTED: Puntigrus tetrazona 28S ribosomal RNA (LOC122331997), rRNA",1
"Uncultured bacterium clone ncd2655b09c1 16S ribosomal RNA gene, partial sequence",1
"Homo sapiens migration-inducing protein 6 (MIG6) mRNA, complete cds",2
"Serratia sp. JSRIV006 chromosome, complete genome",1
"Delftia lacustris strain INDB 16S ribosomal RNA gene, partial sequence",1
"Alternaria alternata strain AH1 large subunit ribosomal RNA gene, partial sequence",1
"Uncultured bacterium clone F5K2Q4C04IZL9C 23S ribosomal RNA gene, partial sequence",1
"PREDICTED: Lagopus leucura 5S ribosomal RNA (LOC122186369), rRNA",1
"Uncultured bacterium clone OTU-198 16S ribosomal RNA gene, partial sequence",1
"Prevotella intermedia strain 17 23S ribosomal RNA gene, complete sequence",1
"Lactobacillus gasseri strain Lg1199 chromosome, complete genome",1
"PREDICTED: Mangifera indica 28S ribosomal RNA (LOC123208242), rRNA",1
"Uncultured delta proteobacterium DeepAnt-1F12 fosmid, complete sequence",2
"Homo sapiens BAC clone RP11-493E12 from 2, complete sequence",1
Uncultured beta proteobacterium clone 19GS2 rrf-rrs tandem operon genomic sequence,1
"Homo sapiens DNA, chromosome 17, nearly complete genome",1
"Serpentinomonas raichei DNA, complete genome",2
"PREDICTED: Microtus oregoni 5S ribosomal RNA (LOC121439778), rRNA",1
"Alternaria alternata strain Z7 chromosome 1, complete sequence",1
"Uncultured bacterium clone F5K2Q4C04JMJF5 23S ribosomal RNA gene, partial sequence",1
"Uncultured eukaryote clone SGYY1013 18S ribosomal RNA gene, partial sequence",1
"Homo sapiens chromosome 11, clone CTD-2381F24, complete sequence",1
"Uncultured bacterium clone F5K2Q4C04JJTQO 23S ribosomal RNA gene, partial sequence",1
"Muridae environmental sample clone 522-2 small subunit ribosomal RNA gene, partial sequence",1
Uncultured bacterium ctg7180000000909 genomic sequence,1
"Nitrogeniibacter aestuarii strain H1-1-2A chromosome, complete genome",4
"Uncultured bacterium clone nbu491d10c1 16S ribosomal RNA gene, partial sequence",1
"Malus sylvestris genome assembly, chromosome: 13",1
"Uncultured Janthinobacterium sp. clone A14-B44 16S ribosomal RNA gene, partial sequence",1
"Delftia sp. Cs1-4 strain Cs1-4 23S ribosomal RNA, complete sequence",1
"PREDICTED: Saimiri boliviensis boliviensis U1 spliceosomal RNA (LOC120367475), ncRNA",2
"Acinetobacter sp. strain DCB104 16S ribosomal RNA gene, partial sequence",2
"Croceicoccus sp. Ery5 chromosome, complete genome",1
"Gemmobacter fulva strain con5 plasmid p5, complete sequence",2
"Uncultured bacterium clone nbu306h01c1 16S ribosomal RNA gene, partial sequence",1
"PREDICTED: Camelus bactrianus small nucleolar RNA SNORA40 (LOC123618535), ncRNA",1
"Chryseobacterium turcicum strain C-17 chromosome, complete genome",1
"Homo sapiens BAC clone RP11-642E20 from 4, complete sequence",1
"Uncultured Gigasporaceae clone 11 18S ribosomal RNA, partial sequence",1
Selenomonas timonae strain Marseille-Q3039 chromosome,1
"Synthetic construct Homo sapiens clone ccsbBroadEn_07109 TUBB2A gene, encodes complete protein",1
"Homo sapiens chromosome 10 clone RP11-105F10, complete sequence",1
"Homo sapiens BAC clone RP11-63M2 from 4, complete sequence",1
"PREDICTED: Saimiri boliviensis boliviensis 5S ribosomal RNA (LOC120365410), rRNA",2
"MAG: Gammaproteobacteria bacterium isolate H1_AOB2 chromosome, complete genome",3
"Comamonas testosteroni YAZ2 DNA, complete genome",1
Enterococcus faecium strain PR02648-8 chromosome,1
"Human DNA sequence from clone RP4-621O15 on chromosome 1, complete sequence",1
"Actinomyces oris strain FDAARGOS_1051 chromosome, complete genome",1
"Methylibium petroleiphilum PM1, complete genome",2
"Homo sapiens H19 imprinted maternally expressed transcript (H19), RefSeqGene (LRG_1030) on chromosome 11",1
"Myceliophthora thermophila ATCC 42464 chromosome 1, complete sequence",2
"Advenella mimigardefordensis strain DPN7 23S ribosomal RNA gene, complete sequence",1
"Bradyrhizobium sediminis strain S2-11-4 chromosome, complete genome",1
"Uncultured bacterium isolate DGGE gel band dnb-2 16S ribosomal RNA gene, partial sequence",1
"Homo sapiens G protein subunit alpha q (GNAQ), RefSeqGene (LRG_1110) on chromosome 9",1
"Millettia pachycarpa isolate MpGd 26S ribosomal RNA gene, partial sequence",1
"PREDICTED: Mus musculus 5S ribosomal RNA (n-R5s125), rRNA",1
"PREDICTED: Macaca fascicularis UPF3A regulator of nonsense mediated mRNA decay (UPF3A), transcript variant X18, misc_RNA",1
"Homo sapiens isolate 6087 mitochondrion, complete genome",1
"Agrobacterium deltaense strain PT316 16S ribosomal RNA gene, partial sequence",1
"Homo sapiens chromosome 8 clone XX-55B12 map q21.3, complete sequence",1
"Homo sapiens BAC clone CH17-315P16 from chromosome 8, complete sequence",1
"Halopseudomonas aestusnigri strain GOM5 chromosome, complete genome",1
"Lactococcus garvieae strain Lg-Granada chromosome, complete genome",1
"PREDICTED: Cervus elaphus 28S ribosomal RNA (LOC122675025), rRNA",1
"Sporidiobolus johnsonii strain UF16 25S large subunit ribosomal RNA gene, partial sequence",1
"Homo sapiens small Cajal body-specific RNA 9 (SCARNA9), small Cajal body-specific RNA",1
"PREDICTED: Leopardus geoffroyi small EDRK-rich factor 2 (SERF2), transcript variant X2, mRNA",1
"Cervus elaphus genome assembly, chromosome: 33",1
"Leclercia adecarboxylata strain SH19PE29 chromosome, complete genome",1
"Homo sapiens filamin A (FLNA), transcript variant 1, mRNA",1
"Homo sapiens cDNA FLJ54803 complete cds, highly similar to Cyclin-dependent kinase inhibitor 1",1
"Mouse DNA sequence from clone RP23-31L20 on chromosome 11, complete sequence",1
"Rhodotorula sp. KBP 3852 partial 26S rRNA gene, isolate k-131",1
"TPA_exp: Homo sapiens mitochondrial PTENalpha (PTEN) mRNA, complete cds; nuclear gene for mitochondrial product",1
"Uncultured bacterium clone DVASW_M9 16S ribosomal RNA gene, partial sequence",1
"Rhizorhabdus wittichii strain MPO218 chromosome, complete genome",2
"PREDICTED: Equus asinus 60S ribosomal protein L12-like (LOC106846349), mRNA",1
"Soleneiscus radovani voucher QM G313661 28S ribosomal RNA gene, partial sequence",1
"Fragilidium mexicanum strain LMBE-C14 28S ribosomal RNA gene, partial sequence",1
"Micrococcus luteus strain anQ-m1 chromosome, complete genome",1
Ralstonia solanacearum strain UW251 chromosome,2
"Uncultured bacterium clone BXHA66 16S ribosomal RNA gene, partial sequence",1
"Pseudocyphellaria scabrosa voucher Hyvonen 6638 (TUR) small subunit ribosomal RNA gene, partial sequence; mitochondrial",1
"Alternaria burnsii uncharacterized protein (GT037_009043), partial mRNA",1
"PREDICTED: Dipodomys spectabilis collagen alpha-1(I) chain-like (LOC122103099), partial mRNA",1
Homo sapiens lncRNA for PREDICTED lncRNA (TCONS_00237691),1
"Amylocarpus encephaloides strain TRa018bII small subunit ribosomal RNA gene, partial sequence; internal transcribed spacer 1, 5.8S ribosomal RNA gene, and internal transcribed spacer 2, complete sequence; and large subunit ribosomal RNA gene, partial sequence",1
"Alphaproteobacteria bacterium SO-S41 DNA, complete genome",1
"Uncultured eukaryote clone F5K2Q4C04JYT2K 18S ribosomal RNA gene, partial sequence",1
"Albugo laibachii Alem1, genomic contig CONTIG_73_Em1_cons_v4_95698_233_35054",1
"Comamonas odontotermitis strain WLL plasmid unnamed1, complete sequence",1
"Sanguibacter keddieii strain ST-74 23S ribosomal RNA gene, complete sequence",1
"Uncultured bacterium clone SEV1BE051 16S ribosomal RNA gene, partial sequence",1
"Acidithiobacillus caldus SM-1, complete genome",1
"Uncultured bacterium clone uc.bacteria_294 C1290@37 16S ribosomal RNA gene, partial sequence",1
"Zygophyllum fabago mitochondrion, complete genome",1
"Homo sapiens TROAP and PRPH antisense RNA 1 (TROAP-AS1), long non-coding RNA",1
"Phenylobacterium glaciei strain 20VBR1 chromosome, complete genome",1
"Human DNA sequence from clone RP11-153G4 on chromosome 10, complete sequence",1
"Homo sapiens FOSMID clone ABC13-48727300O16 from chromosome 3, complete sequence",1
"PREDICTED: Dipodomys spectabilis 28S ribosomal RNA (LOC122098125), rRNA",1
"Homo sapiens dedicator of cytokinesis 10 (DOCK10), RefSeqGene on chromosome 2",1
"Uncultured bacterium clone A6B_34 16S ribosomal RNA gene, partial sequence",1
"Spumella communis strain Meonmulgak032418A6 large subunit ribosomal RNA gene, partial sequence",2
"Human DNA sequence from clone RP11-323M24 on chromosome 13, complete sequence",1
"Homo sapiens clone 9502 mitochondrion, complete genome",1
"PREDICTED: Ochotona curzoniae 5S ribosomal RNA (LOC121149933), rRNA",1
"Shinella zoogloeoides strain ATCC 19623 chromosome, complete genome",2
"Uncultured bacterium clone F5K2Q4C04II5UD 23S ribosomal RNA gene, partial sequence",1
"PREDICTED: Pteropus giganteus 18S ribosomal RNA (LOC120583085), rRNA",1
"Uncultured bacterium clone 140N0L73 16S ribosomal RNA gene, partial sequence",1
"Saimiri boliviensis boliviensis clone CH254-331B16, complete sequence",1
"Knufia sp. strain CCFEE 6034 large subunit ribosomal RNA gene, partial sequence",1
"PREDICTED: Gambusia affinis 28S ribosomal RNA (LOC122823845), rRNA",1
"Pleosporales sp. A46 5.8S ribosomal RNA gene, partial sequence; internal transcribed spacer 2, complete sequence; and 28S ribosomal RNA gene, partial sequence",1
"Homo sapiens FOSMID clone ABC12-49282900B12 from chromosome 2, complete sequence",1
"Homo sapiens BAC clone CH17-82H20 from chromosome 2, complete sequence",1
"PREDICTED: Leopardus geoffroyi elongation factor 1-alpha 1-like (LOC123576870), transcript variant X4, mRNA",1
"PREDICTED: Onychomys torridus U1 spliceosomal RNA (LOC118572827), ncRNA",1
"Uncultured bacterium clone WWGB_c05_1 16S ribosomal RNA gene, partial sequence",1
"Flavobacterium sp. strain SB110 16S ribosomal RNA gene, partial sequence",1
"Medicago sativa 18S ribosomal RNA gene, partial sequence",1
"Xanthobacter autotrophicus strain Py2 23S ribosomal RNA gene, complete sequence",1
"Homo sapiens BAC clone CH17-70N6 from chromosome 1, complete sequence",1
"Uncultured Hydrogenophaga sp. partial 16S rRNA gene, clone E2 zBg3-11 f",1
"Homo sapiens cDNA FLJ30147 fis, clone BRACE2000266",1
"Homo sapiens BAC clone CH17-354I21 from chromosome 10, complete sequence",1
"Human DNA sequence from clone RP4-635A23 on chromosome 1, complete sequence",1
"Homo sapiens RAB, member RAS oncogene family like 6 (RABL6), RefSeqGene on chromosome 9",1
"Homo sapiens chromosome 8 clone GS1-5O10 map q24.13, complete sequence",1
"Rhodoferax sp. AJA081-3 chromosome, complete genome",2
Uncultured Chromatiales bacterium HF0200_41F04 genomic sequence,1
"Uncultured bacterium clone TV_B37 16S ribosomal RNA gene, partial sequence",1
"Nitrosomonas eutropha strain C91 23S ribosomal RNA gene, complete sequence",1
"Planctomycete str. 449 23S ribosomal RNA gene, partial sequence",1
"Sarcophyton sp. JY-2010 isolate 2-134 18S ribosomal RNA gene, partial sequence",1
"Uncultured bacterium clone HlacAs_87 16S ribosomal RNA gene, partial sequence",1
"Uncultured bacterium clone BF_45 16S ribosomal RNA gene, partial sequence",1
"Homo sapiens DNA, chromosome 19, nearly complete genome",2
"Uncultured beta proteobacterium clone C-5-53 16S ribosomal RNA gene, partial sequence",1
"Arvicola amphibius genome assembly, chromosome: 15",1
"Homo sapiens FOSMID clone WI2-1775F13 from chromosome 4, complete sequence",1
"Homo sapiens isolate ZAM069 mitochondrion, complete genome",1
"Epidermophyton stockdaleae 28S rRNA gene, partial",1
"Albugo laibachii Nc14, mitochondrial genomic contig NODE_7_length_11606_cov_328.946655",1
"Corynebacterium casei strain LMG S-19264 23S ribosomal RNA gene, complete sequence",2
"Pan troglodytes BAC clone CH251-282J19 from chromosome 7, complete sequence",2
"Uncultured bacterium clone CB37d04 16S ribosomal RNA gene, partial sequence",1
"Ruminococcus albus strain Ra8 16S-23S ribosomal RNA intergenic spacer, complete sequence",1
"Hyphomicrobium nitrativorans strain NL23 23S ribosomal RNA gene, complete sequence",1
"Homo sapiens ribosomal protein L7 like 1 (RPL7L1), transcript variant 2, non-coding RNA",1
"Keratella quadrata isolate DNA198 large subunit ribosomal RNA gene, partial sequence",1
"Uncultured bacterium clone Con40 16S ribosomal RNA gene, partial sequence",1
"Anhellia nectandrae VIC 31767 28S rRNA, partial sequence; from TYPE material",3
"Azospira inquinata strain Azo-2 chromosome, complete genome",1
"Cupriavidus metallidurans strain ZM02 chromosome 2, complete sequence",1
"Euglena granulata strain ACOI 921 large subunit ribosomal RNA gene, partial sequence",1
"Dermatocarpon miniatum internal transcribed spacer 1, 5.8S ribosomal RNA gene, and internal transcribed spacer 2, complete sequence; and 28S ribosomal RNA gene, partial sequence",1
"Truncatella angustata strain S358 small subunit ribosomal RNA gene, partial sequence; internal transcribed spacer 1, 5.8S ribosomal RNA gene, and internal transcribed spacer 2, complete sequence; and large subunit ribosomal RNA gene, partial sequence",1
"Rhodobacter blasticus gene for 23S ribosomal RNA, partial sequence",1
"Uncultured bacterium clone PS_Site2_3_LRC-2 16S ribosomal RNA gene, partial sequence; 16S-23S ribosomal RNA intergenic spacer, complete sequence; and 23S ribosomal RNA gene, partial sequence",1
"PREDICTED: Thunnus maccoyii 5S ribosomal RNA (LOC121892738), rRNA",1
"PREDICTED: Pteropus giganteus 5S ribosomal RNA (LOC120581670), rRNA",1
"Homo sapiens chromosome 5 clone CTB-174D11, complete sequence",1
"MACACA MULATTA BAC clone CH250-437N2 from chromosome 16, complete sequence",1
"Riemerella anatipestifer strain RCAD0122 chromosome, complete genome",1
"Capnocytophaga ochracea strain FDAARGOS_1550 chromosome, complete genome",1
"Synthetic construct Homo sapiens clone ccsbBroadEn_10145 TBC1D3C gene, encodes complete protein",2
"Homo sapiens genomic DNA, chromosome 11q clone:RP11-820L6, complete sequences",1
"Uncultured bacterium clone F5K2Q4C04I3MOC 23S ribosomal RNA gene, partial sequence",2
"Homo sapiens haplogroup U3a3 mitochondrion, complete genome",1
"Uncultured bacterium clone CM92 16S ribosomal RNA gene, partial sequence",1
"Streptomyces gobiensis strain 1_25 chromosome, complete genome",1
"Paratritirachium curvibasidium strain DAOM 242439 large subunit ribosomal RNA gene, partial sequence",1
"PREDICTED: Pimephales promelas 5S ribosomal RNA (LOC120472432), rRNA",1
"PREDICTED: Halichoerus grypus 5S ribosomal RNA (LOC118524476), rRNA",1
Aquaspirillum serpens 5S ribosomal RNA,2
"PREDICTED: Cervus canadensis uncharacterized LOC122427441 (LOC122427441), ncRNA",1
"Homo sapiens BAC clone CH17-237K2 from chromosome 1, complete sequence",1
"Homo sapiens BAC clone CH17-96A5 from chromosome 1, complete sequence",1
"Brunneofusispora sp. YPT-2021a strain BRIP 72515d large subunit ribosomal RNA gene, partial sequence",1
"Sarea resinae AH1164 gene for 28S ribosomal RNA, partial sequence",1
"Uncultured bacterium clone ncm21c12c1 16S ribosomal RNA gene, partial sequence",1
"Legionella oakridgensis strain OR-10 23S ribosomal RNA, complete sequence",1
"Sphingomonas sanguinis strain NP2-R2 chromosome, complete genome",1
"Uncultured bacterium clone F5K2Q4C04I0MDX 23S ribosomal RNA gene, partial sequence",1
"Arthroderma uncinatum strain ATCC 28454 mitochondrion, complete genome",1
"Corynebacterium halotolerans strain YIM 70093 23S ribosomal RNA gene, complete sequence",1
"Homo sapiens chromosome 17 clone CH17-157L1, complete sequence",1
"Uncultured bacterium clone nbw160e12c1 16S ribosomal RNA gene, partial sequence",1
"Uncultured Burkholderiales bacterium genes for 16S ribosomal RNA, tRNA-Ile, tRNA-Ala, 23S ribosomal RNA, partial and complete sequence, clone: G12",1
"Uncultured bacterium clone nck192e05c1 16S ribosomal RNA gene, partial sequence",1
"Uncultured bacterium partial 16S rRNA gene, clone 14_F09",1
"Spumella sp. strain Woeam021018A5 large subunit ribosomal RNA gene, partial sequence",1
"PREDICTED: Vulpes lagopus 28S ribosomal RNA (LOC121483895), rRNA",1
"PREDICTED: Salvia splendens 28S ribosomal RNA (LOC121788460), rRNA",1
"Alcaligenes faecalis strain LCU-MS-010 16S ribosomal RNA gene, partial sequence",1
"Homo sapiens ALF transcription elongation factor 1 (AFF1), transcript variant 4, mRNA",1
"Synthetic construct Homo sapiens clone ccsbBroadEn_16165 NOTCH2NL gene, encodes complete protein",1
"Psychrobacter sp. strain MA CA P3.1 16S ribosomal RNA gene, partial sequence",1
"Mallomonas akrokomos strain SGJMAK5 28S ribosomal RNA gene, partial sequence",1
Uncultured Acidovorax sp. clone VostokV6_rep_c124 genomic sequence,1
"Rubus hirsutus 18S small subunit ribosomal RNA gene, internal transcribed spacer 1, 5.8S ribosomal RNA gene, internal transcribed spacer 2, and 28S large subunit ribosomal RNA gene, complete sequence; and 28S-18S intergenic spacer, partial sequence",1
"Polynucleobacter sp. AM-7D1 chromosome, complete genome",2
"PREDICTED: Microtus oregoni 5S ribosomal RNA (LOC121447662), rRNA",2
"Synthetic construct Homo sapiens clone ccsbBroadEn_14808 MAP2K2 gene, encodes complete protein",1
"Homo sapiens FOSMID clone ABC12-46658900C12 from chromosome unknown, complete sequence",1
"Pipistrellus pipistrellus genome assembly, chromosome: 7",2
"Uncultured bacterium clone nbw120g12c1 16S ribosomal RNA gene, partial sequence",1
"Uncultured bacterium clone MD232 16S ribosomal RNA gene, partial sequence",1
"Rebecca salina 16S ribosomal RNA gene, partial sequence; 16S-23S ribosomal RNA intergenic spacer, tRNA-Ile and tRNA-Ala genes, complete sequence; and 23S ribosomal RNA gene, partial sequence; plastid",1
"Human DNA sequence from clone RP11-182C2 on chromosome 10, complete sequence",1
"PREDICTED: Dipodomys spectabilis 5S ribosomal RNA (LOC122112294), rRNA",1
"Spheniscus demersus 28S ribosomal RNA gene, partial sequence",2
"Neohortaea acidophila strain CBS 113389 small subunit ribosomal RNA gene, partial sequence; internal transcribed spacer 1, 5.8S ribosomal RNA gene, and internal transcribed spacer 2, complete sequence; and large subunit ribosomal RNA gene, partial sequence",1
"Uncultured eukaryote clone K03_PNG60-1-62_0439Dplate01_P1 18S ribosomal RNA gene, partial sequence",1
"Bombus hortorum genome assembly, chromosome: 16",1
"Homo sapiens proline rich mitotic checkpoint control factor (PRCC), RefSeqGene on chromosome 1",1
"Synthetic construct Homo sapiens clone ccsbBroadEn_15343 NBPF8 gene, encodes complete protein",1
"Variovorax sp. PAMC26660 chromosome, complete genome",2
"Uncultured fungus clone BAVG1128S198 18S ribosomal RNA gene, partial sequence",1
"Synthetic construct Homo sapiens clone ccsbBroadEn_13680 NOMO3 gene, encodes complete protein",1
"Comamonas aquatica strain NEB418 chromosome, complete genome",1
"Parvibaculum lavamentivorans DS-1, complete genome",1
"Polaromonas naphthalenivorans CJ2, complete genome",1
"Uncultured bacterium clone ncd1126h08c1 16S ribosomal RNA gene, partial sequence",1
"Homo sapiens haplogroup T1a2 mitochondrion, complete genome",2
"Homo sapiens BAC clone RP11-314C9 from chromosome 2, complete sequence",1
"PREDICTED: Callithrix jacchus small nucleolar RNA SNORA73 family (LOC118143430), ncRNA",1
"Rhodoluna lacicola strain MWH-Ta8 chromosome, complete genome",1
"Lepraria nothofagi voucher Widhelm, von Konrat & Larrain, 4006 internal transcribed spacer 1, partial sequence; 5.8S ribosomal RNA gene, complete sequence; and internal transcribed spacer 2, partial sequence",1
"Homo sapiens myosin XVB (MYO15B), transcript variant 1, mRNA",1
"Homo sapiens BAC clone RP11-332L16 from 7, complete sequence",1
"Pan troglodytes BAC clone CH251-354P3 from chromosome 7, complete sequence",1
"Homo sapiens isolate ESP0323 mitochondrion, complete genome",1
Histoplasma capsulatum strain WU24 chromosome 6,1
"Monomorphina rudicula strain ASW08042 23S large subunit ribosomal RNA gene, partial sequence; plastid",1
"Uncultured bacterium clone ncd376a08c1 16S ribosomal RNA gene, partial sequence",1
"Pipistrellus pipistrellus genome assembly, chromosome: 9",1
"Staphylococcus haemolyticus strain AIA.SA.9.3 16S ribosomal RNA gene, partial sequence",1
"Acidovorax facilis strain S_WO.AB16.053 16S ribosomal RNA gene, partial sequence",2
"Uncultured bacterium clone B583 16S ribosomal RNA gene, partial sequence",1
"Uncultured bacterium clone nbu395b07c1 16S ribosomal RNA gene, partial sequence",1
"Methylobacterium extorquens strain AM1 23S ribosomal RNA gene, complete sequence",1
"Uncultured bacterium gene for 16S ribosomal RNA, partial sequence, clone: KaMB8F",1
"Conchiformibius steedae strain DSM 2580 chromosome, complete genome",1
"Uncultured bacterium clone ncm73a05c1 16S ribosomal RNA gene, partial sequence",1
"Stutzerimonas stutzeri strain AIA.SA.13.1 16S ribosomal RNA gene, partial sequence",2
"Umbilicaria loboperipherica internal transcribed spacer 1, 5.8S ribosomal RNA gene, and internal transcribed spacer 2, complete sequence; and 28S ribosomal RNA gene, partial sequence",1
"Aromatoleum aromaticum strain EbN1 23S ribosomal RNA gene, complete sequence",1
"Uncultured bacterium clone GD25::G9RA0RH03FYJ8L 16S ribosomal RNA gene, partial sequence",1
"Adhaeribacter pallidiroseus strain HMF7616 16S ribosomal RNA gene, partial sequence",1
"Hyphomicrobium sp. MC1 strain MC1 23S ribosomal RNA, complete sequence",2
"PREDICTED: Macaca fascicularis ribosomal protein L15 (RPL15), transcript variant X7, mRNA",1
"Polymorphum gilvum SL003B-26A1, complete genome",1
"Corynebacterium sp. FDAARGOS 1242 strain FDAARGOS_1242 chromosome, complete genome",1
"Uncultured bacterium clone F5K2Q4C04I168P 23S ribosomal RNA gene, partial sequence",1
"Pipistrellus pipistrellus genome assembly, chromosome: 5",2
"Variovorax paradoxus strain VAI-C plasmid unnamed, complete sequence",2
"PREDICTED: Cebus imitator U1 spliceosomal RNA (LOC119467294), ncRNA",1
"PREDICTED: Dipodomys spectabilis 5S ribosomal RNA (LOC122120934), rRNA",1
Pseudomonas versuta strain Colony239 chromosome,1
"Cervus elaphus genome assembly, chromosome: 3",1
"Synthetic construct Homo sapiens clone ccsbBroadEn_06149 EIF4B gene, encodes complete protein",1
"Uncultured Acidovorax sp. clone DVBSD_D61 16S ribosomal RNA gene, partial sequence",1
"Trachelomonas bernardinensis strain ACOI 1103 large subunit ribosomal RNA gene, partial sequence",1
"Uncultured bacterium clone F5K2Q4C04JCZFC 23S ribosomal RNA gene, partial sequence",1
"PREDICTED: Thunnus maccoyii 28S ribosomal RNA (LOC121896562), rRNA",1
"Bordetella pertussis strain FDAARGOS_1543 chromosome, complete genome",1
"Uncultured bacterium clone a-120 16S ribosomal RNA gene, partial sequence",1
Chlamydomonas pseudopertusa chloroplast large subunit ribosomal RNA (rrnL) gene,1
"Synthetic construct Homo sapiens clone ccsbBroadEn_05763 ACTB gene, encodes complete protein",1
"Uncultured bacterium clone Q7321-HYBA 16S ribosomal RNA gene, partial sequence",1
"Phyllobacterium sp. T1018 chromosome, complete genome",1
"Teratosphaeria toledana strain CBS 115513 28S large subunit ribosomal RNA gene, partial sequence",1
"Comamonas sp. strain S48C3 16S ribosomal RNA gene, partial sequence",1
"PREDICTED: Chlorocebus sabaeus 18S ribosomal RNA (LOC119622992), rRNA",1
"Pilosella officinarum isolate DM380 small subunit ribosomal RNA gene, partial sequence; internal transcribed spacer 1, 5.8S ribosomal RNA gene, and internal transcribed spacer 2, complete sequence; and large subunit ribosomal RNA gene, partial sequence",1
"Uncultured bacterium clone 228 16S ribosomal RNA gene, partial sequence",1
"Lignosus rhinocerus strain CH31 28S ribosomal RNA gene, partial sequence",1
"Janthinobacterium sp. strain V4TT1 16S ribosomal RNA gene, partial sequence",1
"PREDICTED: Bubalus bubalis 28S ribosomal RNA (LOC123335303), rRNA",2
"Pseudoteratosphaeria secundaria strain CBS 115608 28S large subunit ribosomal RNA gene, partial sequence",1
"Patellaria sp. voucher G.M. 2016-02-24.1 coll. R.Reuter small subunit ribosomal RNA gene, partial sequence; internal transcribed spacer 1, 5.8S ribosomal RNA gene, and internal transcribed spacer 2, complete sequence; and large subunit ribosomal RNA gene, partial sequence",1
"Escherichia coli strain 5-1 chromosome, complete genome",1
"Paracoccus marcusii strain CP157 chromosome, complete genome",1
"Methylovorus sp. MP688, complete genome",1
"Strepsylla villai voucher MZFC:SIPHO 7567 18S ribosomal RNA gene, partial sequence",1
"Leptothrix cholodnii SP-6 strain SP-6 5S ribosomal RNA, complete sequence",1
"Chain C, RNA (75-MER)",1
"Uncultured bacterium clone DH092107_RO_02E 16S ribosomal RNA gene, partial sequence",1
"PREDICTED: Macaca fascicularis small nucleolar RNA SNORA1 (LOC123575391), ncRNA",1
Homo sapiens lncRNA for PREDICTED lncRNA (TCONS_00078811),1
"Euglena velata strain CCAC 0136 isolate 3 16S ribosomal RNA gene, partial sequence; chloroplast",1
"PREDICTED: Choloepus didactylus 5S ribosomal RNA (LOC119524486), rRNA",1
"Myriangium hispanicum strain CBS 247.33 28S ribosomal RNA gene, partial sequence",2
"Human DNA sequence from clone RP3-340H11 on chromosome 6q24.1-24.3, complete sequence",1
"Cryptomonas paramecium strain CCAP977/2a plastid, complete genome",1
"Uncultured fungus clone nco130g10c1 18S ribosomal RNA gene, partial sequence",1
Homo sapiens chromosome 13q34 schizophrenia region contig 1 complete sequence,1
"Homo sapiens primase 2B, pseudogene (PRIM2BP) on chromosome 6",1
Stagonosporopsis rhizophila strain XDPOP-RS-16W chromosome 6,1
"Human DNA sequence from clone RP11-359K18 on chromosome 1, complete sequence",1
"Ottowia testudinis strain 27C chromosome, complete genome",2
"PREDICTED: Cyprinus carpio 5S ribosomal RNA (LOC122148306), rRNA",1
"Homo sapiens isolate Cloned sequence-1 putative heat shock protein family B member 1 isoform (HSPB1) mRNA, complete cds, alternatively spliced",1
"PREDICTED: Neomonachus schauinslandi 5S ribosomal RNA (LOC123326405), rRNA",1
"PREDICTED: Macaca fascicularis fibronectin 1 (FN1), transcript variant X30, mRNA",1
"Homo sapiens clone ABC9_3_5_000043964000_E18 chromosome 22 sequence, complete sequence",1
"Uncultured Stenotrophomonas sp. clone GI7-1-C21 16S ribosomal RNA gene, partial sequence",1
"Sulfuricella denitrificans strain skB26 23S ribosomal RNA gene, complete sequence",1
"PREDICTED: Saimiri boliviensis boliviensis protein tyrosine phosphatase 4A2 (PTP4A2), transcript variant X2, mRNA",1
"PREDICTED: Mustela putorius furo 28S ribosomal RNA (LOC123388635), rRNA",1
"Uncultured cryptophyte clone AY2009D5 18S ribosomal RNA gene, internal transcribed spacer 1, 5.8S ribosomal RNA gene, and internal transcribed spacer 2, complete sequence; and 28S ribosomal RNA gene, partial sequence",1
"PREDICTED: Macaca fascicularis serine and arginine repetitive matrix 1 (SRRM1), transcript variant X14, mRNA",1
"Homo sapiens Tax1 (human T-cell leukemia virus type I) binding protein 1, mRNA (cDNA clone IMAGE:3352710), **** WARNING: chimeric clone ****",1
Achromobacter xylosoxidans NH44784-1996 complete genome,1
"Gilliamella sp. ESL0443 chromosome, complete genome",1
"Prunus triloba isolate R17 chloroplast, complete genome",1
"PREDICTED: Cervus canadensis 5S ribosomal RNA (LOC122446889), rRNA",2
"PREDICTED: Leopardus geoffroyi ubiquitin conjugating enzyme E2 D3 (UBE2D3), transcript variant X9, mRNA",1
"Uncultured eukaryote clone SAD372 18S ribosomal RNA gene, partial sequence",1
"Variovorax paradoxus strain VAI-C chromosome, complete genome",1
Homo sapiens lncRNA for PREDICTED lncRNA (TCONS_00047450),1
"Uncultured eukaryote clone F5K2Q4C04IJ69Z 28S ribosomal RNA gene, partial sequence",1
"Homo sapiens chromosome unknown clone VMRC59-490M16, complete sequence",1
"Homo sapiens BAC clone CH17-46I4 from chromosome 16, complete sequence",1
"Acinetobacter lwoffii strain EK30A chromosome, complete genome",1
"Melanargia galathea genome assembly, chromosome: 1",1
"Homo sapiens cDNA, FLJ78924 complete cds, highly similar to Succinate dehydrogenase (ubiquinone) flavoprotein subunit, mitochondrial precursor (EC 1.3.5.1)",1
"Trachelomonas strain T603 large subunit ribosomal RNA gene, partial sequence",1
"PREDICTED: Macaca fascicularis zinc finger protein X-linked (ZFX), transcript variant X12, mRNA",1
"Escherichia coli strain XD35 chromosome, complete genome",1
"Homo sapiens trafficking protein particle complex 1, mRNA (cDNA clone IMAGE:3678303)",1
"Homo sapiens protein phosphatase, Mg2+/Mn2+ dependent 1K (PPM1K), RefSeqGene on chromosome 4; nuclear gene for mitochondrial product",1
"Homo sapiens genomic DNA, chromosome 11q, clone:RP11-836D15, complete sequence",1
"Homo sapiens BAC clone CH17-264B6 from chromosome 7, complete sequence",1
Pseudomonas simiae strain WCS417 genome,2
"Homo sapiens chromosome 8, clone RP11-723D22, complete sequence",1
"Flexiglena variabilis isolate UW1838Kud small subunit ribosomal RNA gene, partial sequence; chloroplast",1
"Uncultured bacterium clone F5K2Q4C04IM6LI 23S ribosomal RNA gene, partial sequence",2
"Pipistrellus pipistrellus genome assembly, chromosome: 15",1
"Pongo abelii BAC clone CH276-51D13 from chromosome unknown, complete sequence",1
"Sphingomonas sanxanigenens strain NX02 23S ribosomal RNA gene, complete sequence",1
"Pseudomonas fluorescens strain LH71 16S ribosomal RNA gene, partial sequence",1
"Novosphingobium decolorationis strain 502str22 chromosome, complete genome",1
"Homo sapiens SLIT-ROBO Rho GTPase activating protein 2 (SRGAP2), RefSeqGene on chromosome 1",3
"Homo sapiens FAM3 metabolism regulating signaling molecule C (FAM3C), transcript variant 2, mRNA",1
"Homo sapiens nitric oxide synthase 2, inducible pseudogene (LOC100420852) on chromosome 17",1
"Stentor sp. isolate CY2019012101 large subunit ribosomal RNA gene, partial sequence",1
"Uncultured bacterium clone nbw1026d03c1 16S ribosomal RNA gene, partial sequence",1
"Alternaria sp. PJ2 18S ribosomal RNA gene, partial sequence",1
"Campylobacter showae strain UNSWCD 23S ribosomal RNA gene, partial sequence",1
"PREDICTED: Macaca fascicularis MIA SH3 domain ER export factor 3 (MIA3), transcript variant X6, mRNA",1
"PREDICTED: Microtus oregoni 5S ribosomal RNA (LOC121444820), rRNA",1
"PREDICTED: Peromyscus maniculatus bairdii 5S ribosomal RNA (LOC121825554), rRNA",1
"Homo sapiens isolate LC110910262 MHC class I antigen (HLA-B) gene, HLA-B-B*40 allele, complete cds",1
"Verminephrobacter eiseniae strain EF01-2 23S ribosomal RNA gene, complete sequence",1
"Nocardioides okcheonensis strain MMS20-HV4-12 chromosome, complete genome",1
"PREDICTED: Macaca fascicularis DNA polymerase delta 2, accessory subunit (POLD2), transcript variant X4, mRNA",1
"Homo sapiens isolate Tuva41 mitochondrion, complete genome",1
"Homo sapiens BAC clone CH17-3B23 from chromosome 1, complete sequence",1
"Cladosporium exasperatum strain SDBR-CMU367 small subunit ribosomal RNA gene, partial sequence; internal transcribed spacer 1, 5.8S ribosomal RNA gene, and internal transcribed spacer 2, complete sequence; and large subunit ribosomal RNA gene, partial sequence",2
"Acinetobacter sp. strain BT10M 16S ribosomal RNA gene, partial sequence",1
"Streptococcus halichoeri strain Shali_VAS-CPH chromosome, complete genome",1
"Homo sapiens BAC clone CH17-210M14 from chromosome 7, complete sequence",1
"Elsinoe ampelina strain CECT 20119 small subunit ribosomal RNA gene, partial sequence; internal transcribed spacer 1, 5.8S ribosomal RNA gene, and internal transcribed spacer 2, complete sequence; and large subunit ribosomal RNA gene, partial sequence",1
"Rhizobium ruizarguesonis strain TA1 chromosome, complete genome",1
Homo sapiens 12 BAC RP11-303O9 (Roswell Park Cancer Institute Human BAC Library) complete sequence,1
"Deltopyxis triangulispora voucher G.M. 2016-12-06.2 small subunit ribosomal RNA gene, partial sequence; internal transcribed spacer 1, 5.8S ribosomal RNA gene, and internal transcribed spacer 2, complete sequence; and large subunit ribosomal RNA gene, partial sequence",2
"Erythrobacter litoralis strain HTCC2594 23S ribosomal RNA gene, complete sequence",1
"Cervus elaphus genome assembly, chromosome: 23",1
"Aureobasidium melanogenum CBS 110374 uncharacterized protein (M437DRAFT_49336), partial mRNA",1
"Pseudomonas wenzhouensis strain A20 chromosome, complete genome",2
"Uncultured bacterium gene for 16S ribosomal RNA, partial sequence, clone: rS35m_43",1
"PREDICTED: Mus musculus 5S ribosomal RNA (n-R5s115), rRNA",1
"Enterobacter cloacae strain POL9 chromosome, complete genome",1
TPA: Homo sapiens SRP RNA for signal recognition particle RNA,1
"Ideonella dechloratans strain CCUG 30977 plasmid unnamed1, complete sequence",2
"Uncultured bacterium clone F5K2Q4C04J25YX 23S ribosomal RNA gene, partial sequence",1
"Uncultured bacterium clone VS6-85 16S ribosomal RNA gene, partial sequence",1
"Flavobacterium urocaniciphilum strain 21YS07S-S28 16S ribosomal RNA gene, partial sequence",1
"Chicken 5S-A ribosomal RNA, 3' terminus",1
"PREDICTED: Macaca fascicularis integrin subunit beta 1 (ITGB1), transcript variant X9, mRNA",1
"Baudoinia panamericana UAMH 10762 uncharacterized protein (BAUCODRAFT_201390), mRNA",1
"PREDICTED: Panthera tigris U1 spliceosomal RNA (LOC122240001), ncRNA",1
"Homo sapiens sorbin and SH3 domain containing 2 (SORBS2), RefSeqGene on chromosome 4",1
"Homo sapiens BAC clone CH17-263E1 from chromosome 10, complete sequence",1
"Homo sapiens aspartate beta-hydroxylase (ASPH), transcript variant 12, mRNA",1
"Uncultured fungus clone 3_105 18S ribosomal RNA gene, partial sequence; internal transcribed spacer 1 and 5.8S ribosomal RNA gene, complete sequence; and internal transcribed spacer 2, partial sequence",1
"Homo sapiens ADP ribosylation factor like GTPase 17A (ARL17A), transcript variant 4, mRNA",1
"Vishniacozyma insularis strain BRIP 28256 internal transcribed spacer 1, partial sequence; 5.8S ribosomal RNA gene and internal transcribed spacer 2, complete sequence; and large subunit ribosomal RNA gene, partial sequence",1
Bipolaris zeicola 26-R-13 hypothetical protein partial mRNA,1
"Pandoraea pnomenusa strain 3kgm 23S ribosomal RNA gene, complete sequence",1
"Uncultured bacterium clone s54 hrb2 gene cluster, complete sequence",1
"PREDICTED: Jaculus jaculus U1 spliceosomal RNA (LOC123453926), ncRNA",1
Danio rerio strain T5D chromosome 4,3
"Uncultured bacterium clone GD 3-8 16S ribosomal RNA gene, partial sequence",1
"Uncultured bacterium clone G7DUZBG01BPHC8 16S ribosomal RNA gene, partial sequence",1
"Agromyces archimandritae strain G127AT chromosome, complete genome",1
"Homo sapiens epididymis secretory sperm binding protein Li 164nA (HEL-S-164nA) mRNA, complete cds",1
"Rhodopseudomonas palustris HaA2, complete genome",1
"Homo sapiens BAC clone CH17-404I19 from chromosome 10, complete sequence",1
"uncultured fungus genomic DNA sequence contains 18S rRNA gene, ITS1, 5.8S rRNA gene, ITS2, 28S rRNA gene, isolate consensus04420",1
Homo sapiens clone 88 satellite DXZ4 sequence,1
"Uncultured bacterium clone MD177 16S ribosomal RNA gene, partial sequence",1
"PREDICTED: Cyprinus carpio 5S ribosomal RNA (LOC122148377), rRNA",1
"Thioflavicoccus mobilis strain 8321 23S ribosomal RNA gene, complete sequence",1
"Uncultured bacterium clone F5K2Q4C04JAXCK 23S ribosomal RNA gene, partial sequence",1
"Sophora moorcroftiana voucher JXZY139 5.8S ribosomal RNA gene, partial sequence; internal transcribed spacer 2, complete sequence; and large subunit ribosomal RNA gene, partial sequence",1
"Homo sapiens DNA, sequence_id: unplaced_0316",1
"Uncultured eukaryote clone Kn598054 18S ribosomal RNA gene, partial sequence",1
"Uncultured bacterium clone F5K2Q4C04JGGDU 23S ribosomal RNA gene, partial sequence",1
"Uncultured bacterium clone F5K2Q4C04IE763 23S ribosomal RNA gene, partial sequence",1
"Coniochaeta sp. 169 OA-2013 large subunit ribosomal RNA gene, partial sequence",1
"Homo sapiens chromosome 5, PAC clone 66p19 (LBNL H84), complete sequence",1
"Teratosphaeria mexicana strain CBS 110502 28S large subunit ribosomal RNA gene, partial sequence",1
"Uncultured Aquabacterium sp. clone UW4-3 16S-23S intergenic spacer region and 16S ribosomal RNA gene, partial sequence",1
"Uncultured bacterium clone MD207 16S ribosomal RNA gene, partial sequence",1
"Colacium vesiculosum strain CCAP 1211/3 large subunit ribosomal RNA gene, partial sequence",1
"Pan troglodytes BAC clone CH251-470E17 from chromosome 7, complete sequence",1
"PREDICTED: Talpa occidentalis 5S ribosomal RNA (LOC119233070), rRNA",1
"PREDICTED: Pteropus giganteus 5S ribosomal RNA (LOC120587061), rRNA",1
"Spirosoma sp. TA_AB partial 16S rRNA gene, strain TA_AB",1
"Delftia lacustris strain R54 chromosome, complete genome",1
"Massilia aurea strain S27 16S ribosomal RNA gene, partial sequence",1
"MAG: uncultured Celerinatantimonas sp. isolate 1 genome assembly, chromosome: CENE_genome",1
"Homo sapiens RAB6A, member RAS oncogene family (RAB6A), RefSeqGene on chromosome 11",1
Neofusicoccum parvum strain DUCC19944 chromosome 16,2
"Ictalurus punctatus clone BS2 18S ribosomal RNA gene, partial sequence",1
"Human DNA sequence from clone RP1-261G23 on chromosome 6p12.2-21.1, complete sequence",1
"Homo sapiens long intergenic non-protein coding RNA 1000 (LINC01000), long non-coding RNA",1
"Spumella lacusvadosi strain Dongmak102320A2 large subunit ribosomal RNA gene, partial sequence",1
"Uncultured bacterium clone nbu277c10c1 16S ribosomal RNA gene, partial sequence",1
Vibrio metschnikovii strain Colony575 chromosome 1,1
Uncultured bacterium A1Q1_fos_1134 genomic sequence,1
"Pan troglodytes BAC clone CH251-1E16 from chromosome 7, complete sequence",1
"Uncultured bacterium clone ADB-8 16S ribosomal RNA gene, partial sequence",1
"Uncultured bacterium clone EMIRGE_OTU_s4t2e_1809 16S ribosomal RNA gene, partial sequence",1
Curvibacter putative symbiont of Hydra magnipapillata genomic scaffold HmaUn_WGA69518_1,1
"Pseudochaetosphaeronema sp. strain NI167 large subunit ribosomal RNA gene, partial sequence",1
"Aspergillus thermomutatus strain CBS 207.92 small subunit ribosomal RNA gene, partial sequence; internal transcribed spacer 1, 5.8S ribosomal RNA gene, and internal transcribed spacer 2, complete sequence; and large subunit ribosomal RNA gene, partial sequence",1
"Pongo abelii BAC clone CH276-121E5 from chromosome 5, complete sequence",1
"Homo sapiens BAC clone CH17-42M15 from chromosome 8, complete sequence",2
"Pyrenophora teres f. teres isolate W1-1 genome assembly, chromosome: 1",2
"Massilia consociata strain FC09 16S ribosomal RNA gene, partial sequence",1
"Armadillidium sp. JM-2004 internal transcribed spacer 2 and 28S ribosomal RNA gene, partial sequence",1
"Uncultured bacterium clone RMHG22 16S ribosomal RNA gene, partial sequence",1
"Thunnus albacares genome assembly, chromosome: 11",1
"Mus musculus predicted gene, 26917 (Gm26917), long non-coding RNA",1
"Cervus elaphus genome assembly, chromosome: 7",1
"Uncultured bacterium clone eff-100 16S ribosomal RNA gene, partial sequence",1
"PREDICTED: Dipodomys spectabilis 18S ribosomal RNA (LOC122128254), rRNA",1
"Uncultured bacterium clone QKAC4ZD011 16S ribosomal RNA gene, partial sequence",1
"Uncultured bacterium clone ncd991b02c1 16S ribosomal RNA gene, partial sequence",1
"Homo sapiens piRNA piR-30229, complete sequence",1
"Uncultured bacterium clone NBBSP0409_51 16S ribosomal RNA gene, partial sequence",1
"Uncultured bacterium clone BAC5_2235 16S ribosomal RNA gene, partial sequence",1
"Gomphonema acuminatum strain CBac2020014 small subunit ribosomal RNA gene, partial sequence",1
Fusarium graminearum strain PH-1 chromosome 4,1
"PREDICTED: Hordeum vulgare subsp. vulgare 28S ribosomal RNA (LOC123400257), rRNA",1
Niveibacterium microcysteis strain HC41 plasmid unnamed,1
"Human DNA sequence from clone RP11-490F3 on chromosome 9, complete sequence",1
"Brevibacillus borstelensis strain JMBKUDGK7 16S ribosomal RNA gene, partial sequence",1
"Homo sapiens chromosome 15 clone VMRC54-329C5, complete sequence",2
"uncultured fungus genomic DNA sequence contains 18S rRNA gene, ITS1, 5.8S rRNA gene, ITS2, 28S rRNA gene, isolate consensus03860",1
"Leptothrix cholodnii SP-6 chromosome, complete genome",1
"Uncultured bacterium clone MD107 16S ribosomal RNA gene, partial sequence",1
"Uncultured Propionibacterium sp. partial 16S rRNA gene, clone E10 Bg1-24 r",1
"Homo sapiens isolate PE804C mitochondrion, complete genome",1
"Uncultured fungus clone nco64a06c1 18S ribosomal RNA gene, partial sequence",1
"Plagiorchis sp. Fu039 small subunit ribosomal RNA gene, partial sequence; internal transcribed spacer 1 and 5.8S ribosomal RNA gene, complete sequence; and internal transcribed spacer 2, partial sequence",1
"Uncultured bacterium clone F5K2Q4C04ILFGP 23S ribosomal RNA gene, partial sequence",1
"PREDICTED: Macaca fascicularis ankyrin repeat domain 11 (ANKRD11), transcript variant X6, mRNA",1
"MAG: uncultured Rhodocyclaceae bacterium isolate DEC001_d71 genome assembly, chromosome: contig1",1
"Colletotrichum cliviicola isolate C1 Neri Hamirpur internal transcribed spacer 1, partial sequence; 5.8S ribosomal RNA gene and internal transcribed spacer 2, complete sequence; and large subunit ribosomal RNA gene, partial sequence",1
"Toniniopsis separabilis isolate JG160 small subunit ribosomal RNA gene, partial sequence; internal transcribed spacer 1, 5.8S ribosomal RNA gene, and internal transcribed spacer 2, complete sequence; and large subunit ribosomal RNA gene, partial sequence",1
"Homo sapiens G-rich RNA sequence binding factor 1, mRNA (cDNA clone MGC:33152 IMAGE:5271637), complete cds",1
"Cyclopidae sp. JMM-2003 28S ribosomal RNA gene, partial sequence",1
"Uncultured bacterium clone E59 16S ribosomal RNA gene, partial sequence",1
"Onychomys torridus genome assembly, chromosome: 19",1
"Onychomys torridus genome assembly, chromosome: 10",1
"Synthetic construct Homo sapiens clone ccsbBroadEn_15577 RPS2 gene, encodes complete protein",1
"Sporobolomyces sp. mitochondrion, complete genome",1
"Uncultured bacterium clone F5K2Q4C04JCSAV 23S ribosomal RNA gene, partial sequence",1
"Homo sapiens BAC clone RP11-792A8 from 7, complete sequence",1
"Uncultured bacterium clone a52 16S ribosomal RNA gene, partial sequence",1
"PREDICTED: Mustela putorius furo 28S ribosomal RNA (LOC123388639), rRNA",1
"Uncultured bacterium clone MD96 16S ribosomal RNA gene, partial sequence",1
"Chimonobambusa hirtinoda chloroplast, complete genome",1
"Xanthobacter dioxanivorans strain YN2 chromosome, complete genome",1
"Comamonas sp. strain N2 16S ribosomal RNA gene, partial sequence",1
"Cervus elaphus genome assembly, chromosome: 14",1
"Burkholderia rhizoxinica strain HKI 454 23S ribosomal RNA gene, complete sequence",1
"Uncultured bacterium clone nck285a11c1 16S ribosomal RNA gene, partial sequence",1
"Human DNA sequence from clone RP11-463L20 on chromosome 6, complete sequence",1
